ଅଣ୍ଟା ବିନ୍ଧୁଛି ।	Mayãṅ, hasuń tana.
ଆଖିରୁ ଅଶ୍ରୁ ଝରାଇଲା	Met́daḱ joro yana.
ହାତ ଅଙ୍ଗୁଳି	Ti anguṛi/ ti ganḍa.
ମଝି ଓ କାନି ଅଙ୍ଗୁଳି ମଝିରେ ଅନାମିକା ଅଙ୍ଗୁଳି ଅଛି ।	Tala Ganḍa onḍoḱ kani Ganḍa talare luku Ganḍa menaḱa.
ଗୋଟିଏ ଅଙ୍ଗୁଳିରେ ଏକାଧିକ ପବ ଅଛି ।	Miat́ ganḍare sangi uṭi menaḱa.
ଅଙ୍ଗୁଳିର ଅଗ୍ରଭାଗ ନରମ ଅଟେ ।	Ganḍa chuṭiḱdo lebeća.
ଅଣ୍ଡକୋଷରେ ଯନ୍ତ୍ରଣା ହେଉଅଛି ।	Luseḱre hasu tana.
ଅନ୍ତନାଳୀରେ ଘା’ ହୋଇଛି ।	Láć poṭare gawakana.
ଅନ୍ଧ ଦେଖି ପାରେ ନାହିଁ ।	Kaṇa kać nel nama.
ଅନାଥ ପିଲା ଦୁଃଖ ପାଏ ।	Ambaroṕ Hon duḱkunamêa.
ଝିଅଟି ଅବିବାହିତା ।	Ṛangue/ ṛinḍe kuihon.
ପିଲାଟି ଅବିବାହିତ ।	Ṛangue/ ṛinḍe koṛa.
ଲୋକଟି ଅସୁସ୍ଥ ।	mit́oḱ Hoo homoo hasure minaḱie.
ଅଣ୍ଡିରା ପିଲାଟି ଖେଳୁଛି	Koahon inuntana.
ଅଣନାତି କଥା ମାନୁ ନାହିଁ ।	Gunguń/Kuku Kaji kać ayum tana.
ଅଜା ଗପ କହୁଛି ।	Tataṅ bakuṇīi tana.
ଘରକୁ ଅତିଥି ଆସିଲେ ।	Oate kupulko/kuṇiãko hućoḱ yana.
ଅଭିନେତା/ ଅଭିନେତ୍ରୀମାନେ ନାଟକ ମଞ୍ଚସ୍ଥ କରୁଛନ୍ତି ।	Baṛui koṛakuṛiko pirkalko inun tana.
ଅପରିଚିତ ଲୋକ ।	Kaupurum hō.
ପିଲାର ଅଭିଭାବକ ନାହାନ୍ତି ।	Honaḱ gusiãko bankue.
ଲୋକଟି ବେପାର୍ରେ ଅଂଶୀଦାର ଅଛି ।	Miat́ Hoo kiriṅ akariṅ Hoo kolowoḱ lekatalakana.
ଅତିଥିସତ୍କାର କରିବା ।	Kupulkobu eladaromokoa.
ଅଧ୍ୟାପକ ପଢ଼ାଉଛନ୍ତି ।	Kolejo masṭore paṛawoko tana.
ଶ୍ରୀକୃଷ୍ଣ ଅବତାର ହେଇଥିଲେ ।	Srīkrisṇo japan hoba lina.
ଅଧର୍ମର ଜୟ ହୁଏ ନାହିଁ ।	Kadoromoredo ka da’daêa.
ଅମୃତ ନିଅ ।	Pasit́ iḍem.
ଅପବିତ୍ରରେ ପୂଜା ପାଠ କରାଯାଏ ନାହିଁ ।	Bisiḱe kanre bongaburu kaa chalawa.
ଅଗଣାରେ ଫୁଲ ଗଛ ଅଛି ।	Ra chare Bah daru menaḱa.
ଅନ୍ତଃପୁରରେ ମୂଲ୍ୟବାନ ଜିନିଷ ରଖାଯାଏ ।	Adiṅre gonoṅ jinisoko ku emêa.
ଅଫିସରେ ନଥିପତ୍ର ରଖାଯାଏ ।	Garire kagojo konotoko rikawa.
ଅମାରରେ ଧାନ ରଖାଯାଏ ।	Muruire baba emoḱa.
ପିଲାଟି ଅଳଂଧୁ ସଫା କରୁଛି ।	Hon uṛune୍doḱ sapa ket́a.
ସ୍କୁଲ୍ ଚାରିପଟେ ଅଳିଆ ପଡ଼ିଛି ।	Monḍo kuṭi muli jobora eṛaḱ akana.
ଅସ୍ତ୍ରଗୁଡ଼ିକ ଅସ୍ତ୍ରାଗାରରେ ଅଛି ।	Hatiaroko hatiar Oaḱ re menaḱa.
ଅଖାରେ ଚାଉଳ ଅଛି ।	Bostare Chauli menaḱa.
ଆଲଣାରେ ଲୁଗାପଟା ଝୁଲା ହୋଇଛି ।	Lijaḱ hanatar re lijaḱ hak akana.
ଅଟାରେ ରୋଟି ତିଆରି ହୁଏ ।	Gom lupuḱte rōṭi/ rit́lat́ baioḱa.
ମାଈ କୁକୁଡ଼ା ଅଣ୍ଡା ଦେଉଅଛି ।	Simenga jarom tana.
ଅଣ୍ଡା ଖୋଳପା ଧଳା ଦେଖାଯାଏ ।	Jarom chokaḱ punḍige neloḱa.
ଅକାଣ୍ଡିଆ ଚାଉଳ ଭାତ ଭାରି ମିଠା ।	Bagaṛa Chauli manḍi esu nogot́a.
ଅରୁଆ ଚାଉଳ ପୂଜା କାମରେ ଲାଗେ ।	Adoa Chauli bongaburu paiṭire hućoḱe.
ବାଡ଼ିରେ ଅଦା ଚାଷ ହୋଇଛି ।	Bakaire ada cha’aso akana.
ଅମୃତଭଣ୍ଡା ପାଚିଛି ।	Jome bindi mata’ kana.
ଅଶ୍ୱତ୍‌ଥ ଗଛ ମୂଳେ ଗାଈ ଅଛି ।	Hesaḱ daru buṭere gunḍi menaḱća.
ଅରଖ କ୍ଷୀରରେ ଔଷଧୀୟ ଗୁଣ ଅଛି ।	Palaṭi sosoeḱreReht́ gu’n menaḱa.
ଅଁଳା ଖାଇବା ଭଲ ।	Merel jomere bugina.
ଝିଅମାନେ ଅଳଙ୍କାର ପସନ୍ଦ କରନ୍ତି ।	Kui honoko sa’josinger esuko sukuaḱ.
ଅଣ୍ଟା ସୂତା ଛିଣ୍ଡି ଗଲା ।	Mayaṅ ṛora siṛ  yana.
ଅଜଗର୍ ସାପ ବଣରେ ରହେ ।	Tunil‌ binj‌ birreć taene.
ଅନ୍ଧାରକୁ ଡ଼ର ଲାଗେ ।	Nide/ nubeć esu bor adawaḱ.
ଅମାବାସ୍ୟା ଦିନ ଘନ ଅନ୍ଧାର ହୁଏ ।	Nirsandi musiṅ esu nubeḱ.
ଚାରିବର୍ଷରେ ଥରେ ଅଧିବର୍ଷ ହୁଏ ।	Pun sirmare mise lana’a sirma hobana.
ଅଷ୍ଟମୀ ତିଥିରେ ବଡ଼ ପୁଅଙ୍କୁ ନୂଆ ବସ୍ତ୍ର ଦିଆଯାଏ ।	Aṭoari musiṅ puṇue honko nama Lijaḱ ko emakoa.
ଆଜିକାଲି ଅତରର ବ୍ୟବହାର ବେଶୀ ।	Naabarsiṅ soan sonum pureḱko ojoḱn tana.
ଅମାନିଆ ପିଲା ବହୁତ ଦୁଷ୍ଟ ହୁଅନ୍ତି ।	Kaamanatiṅ honkoe sujoor ko kechoṛoa.
ଅପରାଧ କାର୍ଯ୍ୟ କଲେ ଦଣ୍ଡ ମିଳେ ।	Dōsīkar yanre saja/ danḍe namoaḱ.
ଅତୀତରେ ହାଟରେ ଜିନିଷ ଅଦଳବଦଳ କାର୍ବାର ହେଉଥିଲା ।	Ayar dinaḱ (munu) ha’ṭo kore giniso ko ko bopodole taekena.
ମୁସଲ୍ମାନ୍ ମାନେ ଅନେକ ଦିନରୁ ଭାରତର ଅନ୍ତେବାସୀ ହୋଇ ରହି ଆସୁଛନ୍ତି ।	Musolman ko esudinee te bharoto re ko ṭaijapaḱ akana.
ଅତୀତର ଗୌରବ କଥା ମନେ ପଡ଼େ ।	Senoḱ yan din  reaḱ bitiamman jagar ko bhoṛuḱ beṭawoḱ tana.
ଆଖିବିନା ଜୀବମାନେ ଦେଖି ପାରନ୍ତି ନାହିଁ ।	Miat́ kaare, jīu ko kako nelnam daeaḱ.
ଆଖିର ମଇଳା ଲୁହ ଝରିଲେ ବାହାରି ଆସେ ।	Met́ Silić met́ daḱ ooḱl re eṛaḱna.
ଅଧିକାଂଶ ସ୍ତ୍ରୀ ଲୋକ ଆଖିରେ କଜ୍ଜ୍ୱଳ ଲଗାନ୍ତି ।	Pureḱte pureć kuihonko met́re ko kajoṛa na.
ଗୁରୁଜନମାନଙ୍କୁ ଆଣ୍ଠୁମାଡ଼ି ନମସ୍କାର କରନ୍ତି ।	Guru, gurumīko mukui ikum keetebu joara koa.
ଆତ୍ମୀୟମାନେ ବେଶୀ ସହଯୋଗ କରନ୍ତି ।	Apanaḱ Oaḱ hō’ko esu pureć ko de ngaḱ.
ଆଈ ବୁଢ଼ୀର ଗପ ଶୁଣୁଶୁଣୁ ନିଦ ଆସିଲା ।	Nana buṛiaḱ kahanī ayum ayumte duum hojuḱene.
ଶାଶୁମା’ର ମା’କୁ ଆଈଶାଶୁ କହନ୍ତି ।	Enga honaraḱa engate do jiaṅ hanaroko mitaia.
ଆତ୍ମା ଅମର ଅଟେ ।	Roa ka goćoḱa.
ରଜ ଦୋଳି ଖେଳ ପିଲାମାନଙ୍କୁ ଆନନ୍ଦ ଲାଗେ ।	Rojo/ rajasala ṛilua inuṅ honko esu rãsako adaêa.
ଲେମ୍ବୁ ଆ ଚାର ଭଲ ଲାଗେ ।	Limbu Achar esu bugina.
ଗୁରୁବାର ଦିନ ଆମିଷ ଖାଇବା ମନା ।	Thursday musiṅ aĩsi jom mana gêa.
ଆଳୁ ମାଟିରେ ଫଳେ ।	Sanga otere dakawa.
ପାଚିଲା ଆମ୍ବ ମିଠା ଲାଗେ ।	Mata uliesu nogot́a.
ଆତ ଫଳେ ଡାଳେ ।	Mandal kotore joḱo aḱ.
ଆଖୁରୁ ଗୁଡ଼ ତିଆରି ହୁଏ ।	Guuṛu daru ete guuṛu baiōḱa.
ବାଡ଼ିରେ ଆମ୍ବ ଗଛ ଲଗାଇବା ।	Bakaire ulidarubu roaêa.
ଆକାଶର ରଂଗ ନୀଳ ଅଟେ ।	Rimil  reaḱ net́ níl gêa.
ଚନ୍ଦ୍ର ସୂର୍ଯ୍ୟର ଆଲୋକରେ ଆଲୋକିତ ହୁଏ ।	Chanḍuḱ singieć marsalte marsallenaḱ.
ଆସନ୍ତା କାଲି କଟକ ଯିବି ।	Gapa koṭokoń senoḱã.
ଆମଦାନୀ ଜିନିଷ ମହଙ୍ଗା ଅଟେ ।	Aguiteaḱ ginisi gonoṅa.
ଜନ ସ୍ୱାର୍ଥ ପାଇଁ ଆପତ୍ତି କରିବା ।	Hoo koaḱ subida lagiṛobu ardasoya.
ଆୟ ବହିଃର୍ଭୁତ ସଂପତ୍ତି ।	Arjaō laaḱ biti.
ଇଟା କାନ୍ଥ ଘର ମଜଭୁତ ଲାଗେ ।	Iṭaoa esu keṛeć adaoḱa.
ଇଟା ଛାଞ୍ଚରେ ଗଢ଼ାଯାଏ ।	Iṭochōnchare baioḱa.
ଇନ୍ଦ୍ରଧନୁର ସାତଟି ରଙ୍ଗ ।	Rulbinjooṅre aie roṅ menaḱa.
ସବୁଦିନ ଈଶ୍ୱରଙ୍କୁ ପୂଜା କରିବା ଭଲ୍ ।	Sobedin Siṅbongabu bongaitiaḱ bugina.
ମୁଣ୍ଡରେ ଉପି ଅଛନ୍ତି ।	Bohḱre chutruko menaḱkoa.
ଉଷୁନା ଚାଉଳର ଭାତ ଭଲ ।	Tiki Chauli manḍiesu bugina.
ପୂଜା ପାର୍ବଣରେ ଉପବାସ ରୁହନ୍ତି ।	Bongaburu re kaṭaṕ ko taene.
ଆକାଶରୁ ଉଲ୍‌କା ଖସିଥାଏ ।	Rimilaete bangasar hućoḱe.
ମିଟିଂରେ ଉପସ୍ଥିତ ଅଛନ୍ତି ।	Dunubre beṭa akana.
ପିଲାଟି ପରୀକ୍ଷାରେ ଉତ୍ତୀର୍ଣ୍ଣ ହୋଇଛି ।	Sepet́ Hon biṛaworeć paromakana.
ଉପରବେଳା କାମକୁ ଗଲେ ।	Tarasingi paiṭite senoḱ yana.
ଉପକୂଳରେ ଡଙ୍ଗା ପହଞ୍ଚିଲା ।	Daḱ kuṭire ḍonga beṭa yana.
ଏଣ୍ଡିପୋକ ଗବପତ୍ର ଖାଏ ।	Baṛamochidu jaṛa bindi sakamã jooma.
ମାସର ଏଗାର ଦିନକୁ ଏକାଦଶୀ ।	Boiṭatara muluḱite gelomiṛma din ko metaḱa.
ଏହା ପଢ଼ିବା ଭଲ ।	Nenabu paṛaw teaḱ bugina.
ଏହାକୁ ଦେଖନ୍ତୁ ।	Ni’ke neli’ pe.
ଏମାନେ ଜଙ୍ଗଲ ଯାଉଛନ୍ତି ।	Neko birteko senoḱ tana.
ଏସବୁ ଏକାଠି କର ।	Neć nenako miṛotaḱ ta’m.
ଏଗୁଡ଼ିକ ଆଣି ଆସ ।	Nenako aguêm.
ଏହାର ଖାଦ୍ୟ ନାହିଁ ।	Ni’ĩãḱ Jomaḱ banoḱa.
ଏମାନଙ୍କର ସବୁ ଅଛି ।	Nekoaḱ saben menaḱa.
ଏଇଠି ଜାମା ରଖ ।	Nentaḱre sutui rikaeme.
ଏ ପର୍ଯ୍ୟନ୍ତ କେହି ଆସି ନାହାନ୍ତି ।	Naãsante okoyo kako hućoḱe kana.
ଗାଧୋଇବା ଏବଂ ପହଁରିବା ।	Oṛanabu onḍoḱ oyarenabu.
ଏହିପରି ହସ ନାହିଁ ।	Nekage alom landaêa.
ଏକାଗ୍ର ହୋଇ ଧ୍ୟାନ କର ।	miat́ uṛuḱte iamem.
କନିଷ୍ଠ ପୁଅ ପଳାଇ ଯାଇଛି ।	Liṭa Hon senoḱ atom akana.
କନିଷ୍ଠା, ହାତର ଛୋଟ ଆଙ୍ଗୁଳି ।	Liṭaganḍa tii’ reaḱ huṛiṅ ganḍa.
କପାଳ ଫାଟି ଯାଇଛି ।	Moloṅ posaḱ akana.
କପାଳର ଦୁଇ ପାଶ୍ୱର୍ରେ ଟାଟୁ ଚିତ୍ର ଆଙ୍କିଛି ।	Moloṅ bar kuṭire benga bangi akanaḱ.
ପ୍ରତ୍ୟେକ ଜୀବର କାନ ଥାଏ ।	Sanam jīu kore lutur taene.
କାନମୂଳ କୁଣ୍ଡେଇ ହେଉଛି ।	Luturbuṭere babata tana.
କାନଗିରି ସମସ୍ତ ମଣିଷଙ୍କ ଅଛି ।	Lutur ũyut́ sanam hoṛokore menaḱa.
କାନ ମଇଳା ବାହାରି ଆସିଲା ।	Ũyut́ ić olloeṛaḱ yana.
କାଖରେ ବାଡ଼ି ଜାକି ଅଛି ।	Hatalaḱre soṭaḱ rebeṛ  tat́a..
କାନ୍ଧରେ ଭାରି ଜିନିଷ ବୋହାଯାଏ ।	Taranre hambal teaḱ ko gooḱêa.
ପିଟିଲା ବେଳେ ତାକୁ କହୁଣୀ ମାରିଲା ।	Tapam tanre aeke uka kiḱ ye.
କୁଜା ଲୋକ ଚାଲିଛନ୍ତି ।	Kube Hoo sena kaṛa.
ତା’ର କଣ୍ଠ ସ୍ୱର ଭଲ ।	Aćaḱ rees bugina.
ଜ୍ଜ୍ୱର ହୋଇ କଙ୍କାଳ ଦିଶିଲାଣି ।	Hasu hasute jaṅ eskareć neloḱ tana.
କଣା ଦେଇ ସାପ ପଶିଲା ।	Unḍute Biń bolo yana.
କାଲ କଥା ଶୁଣି ପାରେ ନାହିଁ ।	Sot́‌ka/kala kaji kać ayum daêa.
କିଶୋର ବିଦ୍ୟାଳୟରେ ପାଠ ପଢ଼େ ।	Chokōṛa/ balesepet́re, monḍoreko paṛawa.
କିଶୋରୀଟି ଖେଳୁଛି ।	Bui/ bale hapanum inun tana.
କୁମାର ବୟସରେ ଶରୀର ଗଠନ ହୁଏ ।	Boyo/ babuboyore hoṛom tole na.
କୁମାରୀ ନାମ ଅବିବାହିତା ଝିଅଙ୍କର ।	Aurī andin joka, kui doko menoḱa.
କକେଇ ତାଙ୍କ ପୁତୁରାକୁ ଡ଼ାକୁଛନ୍ତି ।	Kaka aćaḱ honteset́ keaa tana.
କନ୍ୟା ବୋଲି ତାଙ୍କର କେହି ନାହିଁ ।	Honera/ buṛihon mente aeḱdo okoyo baṅkôa.
କାଠୁରିଆ କାଠ କାଟେ ।	Sahn maḱnić Sahneḱ maáḱ.
କୁମ୍ଭାର ହାଣ୍ଡି ତିଆରି କରେ ।	Kunkal chaṭuḱ baiye.
କମାର ଲୁହା କାମ କରେ ।	Kamar meṇet́ paiṭiḱ paiṭi’ye.
କେଉଟ ମାଛ ଧରେ ।	Haku sabniḱ hakuḱ saba.
କେଳା ସାପ ଧରେ ।	Biń saṕnić Biń koḱ saba.
ବିଲରେ କାମ କରିବା ।	Ote Hasare paiṭi teaḱbu paiṭiêa.
କୋଠା ଘର ସୁନ୍ଦର ଦିଶୁଛି ।	Dolan Oaḱ esu bugi neloḱ tana.
କାଠ ଘରେ କାଠ ରଖାଯାଏ ।	Sahn Oaḱ re Sahn ko rikaa.
କୁମ୍ଭାର ଶାଳରେ ହାଣ୍ଡି ପୋଡ଼ା ଯାଏ ।	Kunkal saaṇe re chaṭuko rapaḱêa.
କାଠ ଫାଡିବା ପାଇଁ କିଳା ଲଗାଇ କାଠ ଚିରାଯାଏ ।	Sahn chaṭaḱ lagiḍo goja kilum kee te, ko chaṭaḱêa.
କାନ୍ଥରେ ଲେଖ ନାହିଁ ।	Ginilore alom olêa.
ଘରର କବାଟ ନାହିଁ ।	Oaḱ reaḱ silpiṅ, banoḱa.
ବଡ଼ ଘରର ଦୁଇଟି କୋଠରୀ ଅଛି ।	Maraṅ Oaḱ re barea okoa menaḱa.
କୋଇଲି ଆମ୍ବ ଗଛରେ ବସିଛି ।	Toau Uli darureć dubekana.
କଜଳପାତି ଉଡ଼ି ବୁଲୁଛି ।	Daãchut́ apir biuren tana.
କୁକୁଡ଼ା ଛୁଆ ଦୌଡ଼ି ଆସୁଛି ।	Simhon nir hućoḱi tanaḱ.
କୁକ୍କୁଟୀ ଛୁଆ ଫୁଟେଇ ଅଛି ।	Enga sim rutuć tat́koāḱ.
କଙ୍କଡ଼ା ବିଛା ମରି ପଡ଼ିଛି ।	Kakom marmar goć eṛaḱ akana.
କଙ୍କି ଡ଼ାଳରେ ବସିଛି ।	Berbenḍoṅ/ ḍuluṅ kotoreć dubekana.
କଲିକତରା ପୋକ ମାଟିରେ ରହେ ।	Gurguṛiḱ otereć taene.
କାଇ ଗଛର ପତ୍ରରେ ପୁଟୁଳା ବାନେ୍ଧ ।	Hauko darusakamre poṛom ko baiye.
କୀଟ ପାଚିଲା ଫଳ ଖାଇ ଯାଆନ୍ତି ।	Chiduko mata jooḱko joma.
କୁମ୍ଭାର ପୋକ ଗଛରେ ମାଟିଘର ତିଆରି କରେ ।	Kunkal chidu darukore Hasate oa baiye.
କଳାଭ୍ରମର ଉଡ଼ି ଆସିଲା ।	Hene୍douru apir hućoḱ yana.
କଇଁଛର ଚାରୋଟି ଗୋଡ଼ ଅଛି ।	Horoaḱ puniã kaṭa menaḱa.
କଙ୍କଡ଼ା ଗାତରେ ପଶିଲା ।	Kaṭkom/ (kakom) unḍureć bolo yana.
କେରାଣ୍ଡି ମାଛ ଖାଇବା ବହୁତ ଭଲ ।	Danḍike haku jomdo esu bugina.
କଉ ମାଛର ବହୁତ କଣ୍ଟା ।	Kuu hakure esupureć jaṅ menaḱa.
କୂଅରେ ପାଣି ଅଛି ।	Suut́re daaḱ menaḱa.
କୁଦରେ ପାଣି ପୁରି ବୋହି ଯାଉଛି ।	Kudurre daḱ pereḱyante poal tana.
ଘାସରେ କାକର ପାଣି ଦେଖାଯାଉଅଛି ।	Dumbure sisir daḱ neloḱ tana.
ଭୋର୍ ସକାଳେ କୁହୁଡ଼ି ବେଶୀ ହୁଏ ।	Antan imitaṅ puket́ pureć hobana.
ଗ୍ରୀଷ୍ମଦିନ ବର୍ଷା ହେଲେ କୁଆପଥର ପଡ଼େ ।	Ringae singae din gamaereć aril iyuḱne.
କାର୍ତ୍ତିକ ମାସ ପରେ ଶୀତ ଋତୁ ଆସେ ।	Sarddi Chanḍuḱ chanaṕ kuche ḍum‌ḍum‌ omol beṭana.
କୃଷ୍ଣ ପକ୍ଷ ମାସର ଦ୍ୱିତୀୟ ପକ୍ଷ ।	Mit́ Chanḍuḱ tara doter chanabrêa.
କିରୋସିନ୍ ତେଲରେ ଡ଼ିବି ଜଳାଉ ।	Hasa sunumte ṛibiribu julêa.
କଳାପଟାରେ ଲେଖ ।	Hene୍do paṭare oleme.
ଆଜିକାଲି କାର୍ବାର୍ ବଢ଼ିଛି ।	Naaḱbarsiṅ kipiriṅ pureḱe kene.
କ୍ରେତା ଆସିଛନ୍ତି ।	Kiriṅniḱ hućoḱaḱ kana.
କଂସା ବାସନ ଅଛି ।	Kaṅsako menaḱa.
କୋଇଲାରେ ଭାତ ରାନ୍ଧିଲା ।	Hasa hangar te manḍiḱ isin ket́a.
କଷଟି ପଥର ରଖାଯାଇଛି ।	Lepeser/ leeserdiri emakana.
କରତରେ ଗଛ ଚିରା ହୁଏ ।	Segoḍote daru chaṭaḱaḱ ōaḱ.
କରଣୀ ଦ୍ୱାରା ମିସ୍ତ୍ରୀ କାନ୍ଥ ତିଆରି କରୁଛନ୍ତି ।	Ja’lom lunḍite ginil baitaniḱ ginileć bai tana.
କଳାପାନ ଖାଅ ନାହିଁ ।	Hendepán alom jooma.
କିଏ ଡ଼ାକୁଛି ।	okoćkea tana.
କେଉଁମାନେ ଗଲେ ।	okoćko senoḱ yana.
କାହାକୁ ଡ଼ାକୁଛ ।	okoćkom kiaa tana.
କେଉଁମାନଙ୍କୁ କହୁଛ ।	okoćteko am kajia tana.
ଏଇଟା କାହାର ।	Nena okoaḱ.
ମୋ’ ଜାମା କେଉଁଠି ।	Ańaḱ sutui okon rêa.
କେଉଁଗୁଡ଼ିକ ମାଗୁଛ ।	Okonakom asi tana.
କେଉଁଠିକୁ ଯାଉଛ ।	Okonam senoḱ tana.
କ’ଣ କରୁଛ ।	Chikanaḱ/ chinaḱm chike tana.
କୌଣସି କଥା କୁହନାହିଁ ।	Jetanaḱ kaji alom kaji’ya.
କେତେକ ଜିନିଷ ଅଛି ।	Chiminaṅ/ chimiaṅ/ chimin ginisi menaḱa.
ତାକୁ କୁହ ।	Ae ke/ ge kaji yaime.
ଯାହାଙ୍କର ବହୁତ ଅଛି ।	jahć aḱ/ esu pureć menaḱa.
ଅଛି, କିନ୍ତୁ ଦେବିନାହିଁ ।	Minaḱ, mendo kanjo emama.
ମାଛ କିମ୍ବା ମାଂସ ଆଣ ।	Haku bantere/ banredo jilu aguême.
କାଳେ ସେ ଆସିବ କି ।	Idutoraṅ Ać hućoḱ ge chi.
କାଠ ସିଡ଼ି ଦେଇ ଉପରକୁ ଯାଅ ।	Daru siṇite chitan te senoḱ me.
କାଠରେ ଭାତ ରାନ୍ଧ ।	Sahn te manḍi isineme.
ପାଦରେ କଣ୍ଟା ଲାଗିଲା ।	Talkare janum bolo yana.
କରେଇରେ ତରକାରୀ ରାନ୍ଧ ।	Karaire utu isinem.
କଳସରେ ପାଣି ଅଛି ।	Tumiṅ/ kaṛasare daḱ menaḱa.
କବାଟରେ କବ୍ଜା ଲାଗେ ।	Silpiṅ,re langaṕ emoḱa.
କଇଁଚିରେ ଚୁଟି କାଟ ।	Ra chamte bale ra chamenme.
କଟୁରି ଆଣିକି ଆସ ।	Bankie aguême.
କୁରାଢ଼ିରେ ଗଛ କାଟ ।	Hake te daru maḱê pe.
କୋଡ଼ି ଆଣି, ମାଟି ହାଣ ।	Kuṛlam agukate Hasa maḱê me.
କୁଲାରେ ଚାଉଳ ପାଛୁଡ଼ିବା ।	Haṭaḱre Chauli gume yabu.
ଚାଉଳର କ୍ଷୁଦ୍ରଅଂଶକୁ ଖୁଦ କୁହାଯାଏ ।	Sert́ Chauli Kudikô metaḱa.
କାକରାପିଠା ଭଲ ଲାଗେ ।	Chabuḱlaṛo jom esu sanaṅã.
ଧାନ ପେଶି କୁଣ୍ଡା ବାହାର କରାଯାଏ ।	Ba ba ruṅ ke’re lupuḱ ollaḱ.
କୋଳଥକୁ ଡ଼ାଲି କରି ଖିଆଯାଏ ।	Kuṛoti ḍaali kateko jomêa.
ବାଡ଼ିରେ କଖାରୁ ଲଗାଯାଇଛି ।	Bokaire kakaru roakana.
କଦଳୀ ପୂଜା କାମରେ ଲାଗେ ।	Kadal bonga buru paiṭire hojuḱe.
କନ୍ଦମୂଳ ମାଟିରେ ଫଳେ ।	Aṇisanga Hasare dakawa.
ଅକ୍ଟୋବର ମାସରେ କୋବି ଲଗାଯାଏ ।	Kohora Chanḍuḱu re kuboki roaḱêa.
କରମଙ୍ଗା ଖଟା ଲାଗେ ।	Moroć hatanaḱ moroṅaḱ.
ଖରାଦିନେ କାକୁଡ଼ି ଖାଇବା ଭଲ ।	Jeṭe siṅngi tayarjom bugina.
ପୋଖରୀରେ କଇଁଫୁଲ ଫୁଟିଛି ।	Saluket́Bah bandare puṭa w akana.
କୃଷ୍ଣଚୂଡ଼ା ଫୁଲ ସୁନ୍ଦର ଦେଖାଯାଏ ।	RajaBah sugaṛo neloḱw.
କପାରୁ ସୂତା ତିଆରି ହୁଏ ।	Kaṛsom maete sutem baioḱa.
ଗାଧୋଇ ସାରି କାମିଜ୍ ପିନ୍ଧିବା ।	Oṛa sekayante sutuibu horoḱêa.
ଝିଅମାନେ କାନଫୁଲ ବ୍ୟବହାର କରନ୍ତି ।	Kuihonko murki luturreko ḍungêa.
ଲଣ୍ଠନରେ କାଚ ଲାଗିଛି ।	Lanṭenre kacho menaḱa.
କଟାସ କୁକୁଡ଼ା ଖାଏ ।	Baōḱ simko joma.
କୁକୁର ଭୁକେ ।	Seta buḱie.
କୋକିଶିଆଳି ଖୁବ୍ ଜୋର୍ ଦୌଡ଼ି ପାରେ ।	Kiṅ kiṛituyu esu keṛeć nir dayie.
କପୋତ ଉଡୁଛି ।	Putem apire kana.
କାଉ ଭୋର୍ ସକାଳେ ରାବେ ।	Kaaḱ aṅ payã torsaḱ raḱêa.
କଣ୍ଟିବଗ ମାଛ ଜଗିଛି ।	Piska koḱo hakuḱ loṛo tana.
ଶୁଖିଲା ଗଛରେ କାଠହଣା ଚଢ଼େଇ ବସିଛି ।	Roo darureere oye dube kene.
କୁକୁଡ଼ା ଅଗଣାରେ ଚରୁ ଅଛି ।	Sim ra chare atiṅ  tana.
କିହୋ..... କଥା ଶୁଣୁନ ଯେ,	Atêa..... Kaji kam ayume tan da....
କଡ଼ାକଡ଼ି ନିୟମ ହେଉ ।	Koṛankaso niyom hobawoḱma.
କପଟ ଦେଖାଉ ଅଛି ।	Labaḱa neloḱ tana.
କଞ୍ଚା ଦୁଧରେ ପାଣି ମିଶିଛି ।	Berel toa reko daḱ  tat́a..
କୋମଳ ହୃଦୟ ମାଆ ।	Lemeṅ/leem jīi enga/ eaṅ.
କୁତ୍ସିତ କର୍ମ କରନ୍ତୁ ନାହିଁ ।	Eṛokan paiṭi kabueḱ.
ଭଦ୍ର ବ୍ୟକ୍ତିଙ୍କୁ କୁତ୍ସିତ ବ୍ୟବହାର କରିବା ନାହିଁ ।	Seãn hōko et́ka kaburikae koa.
ଆଜି କଦର୍ଯ୍ୟ ପାଗ କରିଛି ।	Tisiṅnga daḱ gama et́kaḱ gêa.
ମାଆ କଅଁଳିଆ କଥା କହୁଛନ୍ତି ।	Eaṅ leem/ laar kajiḱ kajiê tana.
କାନରେ ଫୁଲ ଖୋସି ଅଛି ।	Luturore baAć rebet́  tat́a..
ମୁଣ୍ଡରୁ ଖପୁରୀ ହାଡ଼ ବାହାରେ ।	Bohoḱ oyte ṭangurujaṅ oloaḱ.
ଖୁଡ଼ି ଡ଼ାକୁଛନ୍ତି ।	Gaunj/ kaki kia tana.
ଖୁଡୁତାଶୁର ଆସିଛନ୍ତି ।	Kaka hoyãr tekiṅ hućoḱw akana.
ଖଳାରେ ଧାନ ରଖାଯାଏ ।	Kolomore babako emêa.
ଖୁଣ୍ଟ ବିନା ଘର ହୋଇପାରେନା ।	Kunṭukare Oaḱ ka baioḱa.
ବାଡ଼ ଛିଡ଼ା କରିବାରେ ଖୁଣ୍ଟି ଦରକାର ହୋଇଥାଏ ।	Bakai tingu lagit́ kunṭu goroj menaḱa.
ଲଙ୍ଗଳରେ ଖିଲ ମାରିବା ।	Naailre boera kilumakana.
କବାଟରେ ଖିଡ଼ିକି ଲାଗିଚି ।	Silopiṅ,re sinkiṛi kilumome kene.
ଖଟରେ ଶୋଇବା ।	Parokomrebu gitiće.
ଖଟପୁଆ ଭାଙ୍ଗି ଯାଇଅଛି ।	Parkom ṭuku rapuṛe kene.
ଖଇଁଚିରେ ମାଛ ଧରାଯାଏ ।	Kumbat́te haikobu kumbat́koa.
ଖଣତିରେ ମାଛ ଧରାଯାଏ ।	Jimbirite hakukoko saṕ koa.
ଖେଳନାରେ ପିଲା ଖେଳୁଛି ।	Inun teaḱ te Hon inun tana.
ଖୁର୍ ଖାଇଯାଇଛି ।	Holat́ har chaba akana.
ଖଇ ପୂଜା କାମରେ ଲାଗେ ।	Baba ata bonga paiṭire aguu eḱ.
ଖଟା ବହୁତ ଭଲ ହୋଇଛି ।	Moroć utu esu bugi baiakana.
ଖିରି ଖାଇବା ।	Nogot́ lee manḍibu jomêa.
ଗାଈର ଖୁରାରେ ଘା ହୋଇଛି ।	Gunḍi hã reć gawaḱ kana.
ମାଟି ଖଣ୍ଡ ନେଇ ଆସ ।	Hasa ḍumeṅ aguême.
ଖତିଆନ୍ ଚିରିଯାଇଛି ।	Ṭikoso sakam cha cha aḱ akana.
ରାସ୍ତା ବହୁତ ଖସଡ଼ା ହୋଇଛି ।	Hora esu pureć jijilet́ gêa.
ବହିର ଖରିଦ ମୂଲ୍ୟ ବହୁତ ବେଶୀ ।	Puti reaḱ kiriṅ gonoṅ esu pureḱ.
ଖରିଦ୍ କରି ଆଣ ।	Kiriṅ aguêm.
ଖାଇବା ଘରକୁ ଆସ ।	Joom Oaḱte hućoḱme.
ଖଲାସି ଜିନିଷ ବାହାର କଲା ।	Deenganić giniso koć ol ket́a.
ଖଣିରେ କାମ କରୁଛନ୍ତି ।	Kadanre paiṭi tanako.
ଆସ ଖେଳିବା ।	Inuṅniḱ inuṅ tana.
ଖେଳାଳୀ ଖେଳୁଛି ।	Inuṅniḱ inun tana.
ଖେଳ ପଡ଼ିଆ ଛୋଟ ଅଛି ।	Inungoṛa/inuṅ tanḍi/ goṛa huṛiṅṅa.
ଖପରା ଖେଳ ଖେଳିବା ।	Kechoḱ inuṅ bu inuṅa.
ଖସା ବହୁତ ମହଙ୍ଗା ଅଟେ ।	Tilmiṅ esugonoṅṅa.
କାମରେ ଖଟିବା ।	Paiṭirebu juluṅa.
ଫଳ ଖସିଲା ।	Joo iyuḱ/ nur yana.
ଆସ ଭାତ ଖାଇବ ।	Ela hućoḱm manḍi jomeme.
ମାଆ ଛୁଆକୁ ଭାତ ଖୁଆଉ ଅଛି ।	Enga honke manḍiḱ ajomii tana.
କାଉ ଖୁମ୍ପିଲା ।	Kaaḱ soda ket́ića.
ସୂତାକୁ ଖଞ୍ଜ ।	Sit́ Sutam tukam me.
ମୋତେ ଦେଖି ଖତେଇ ହେଉଛି ।	Ań nel kate etolinjo tana.
ଦେଖ କେମିତି ସେ ଖୁଣୁଛି ।	nelići me haniḱ ukuta tana.
ତାକୁ ଖେଞ୍ଚ ନାହିଁ ।	Aeke alom hoṛor/ gutu/ ṭuunjo/ hoṭori’iye.
ଆଳୁ ଖୋଳିବା ।	Sangabu urnamêa.
କବାଟ ଖୋଲ ।	Silpiṅ nićê me.
ତାକୁ ଚାଳରେ ଖୋଷି ଦିଅ ।	Enake busuḱre/ chanda ire horsoṛo taame.
ଗଳା ବିନ୍ଧୁଛି ।	Ut́ṭoaḱ hasu tana.
ଗଣ୍ଠିରେ ପିଟି ହେଲା ।	Uṭire ta’m  yana.
ଗାଲରେ, କଳା ହୋଇଛି ।	Joare, hene୍doy akana.
ଗୋଡ଼ ନାହିଁ ।	Kaṭa banoḱa.
ଗୋଇଁଠିରେ କଣ୍ଟା ପଶିଲା ।	Inḍike renjjanu meana.
ଗେଡ଼ା ଲୋକ ।	Baṛam/ tumburuṕ hō.
ଗଳଗଣ୍ଡିଆ ହୋଇଛି ।	Hoṭoḱ kombo akana.
ଗୁରୁ ଆସୁଛନ୍ତି ।	Gurukiṅ hućoḱ  tana.
ଗାୟକ ଗାଉଛନ୍ତି ।	Dureṅniḱ/ durua duren tana.
ଗଉଡୁଣି କ୍ଷୀର ଦୁହୁଁଛି ।	Gauera toaḱ tauiḱ tana.
ଗଣିତଜ୍ଞ ଆସୁଛନ୍ତି ।	Gagaṇiḱ tekin hućoḱ tana.
ଗୁଡ଼ିଆ ମିଠାଇ ଆଣିଛି ।	Miṭaibainiḱ miṭei agu tat́a..
ଗରାରେ ପାଣି ନାହିଁ ।	Gagarare daaḱ banoḱa.
ଗିଲାସ ନେଇ ଆସ ।	Chonga aguême.
ଗୁଆ ଆଣ ।	Metol jaṅ aguême.
ଗେଣ୍ଡୁ ଫୁଲ ଫୁଟିଛି ।	Nargule/ nalguleBah baakana.
ଗୋଲାପ ଫୁଲ ନାହିଁ ।	Gulaṕ Bah banoḱa.
ଗବ ମଞ୍ଜିରୁ ତେଲ ବାହାରେ ।	Ṭoṭoka bindi jooyete sunum olaḱ.
ଗଛର ଚେର ଅଛି ।	DarureReht́ menaḱa.
ଗଛର ଶାଖା ବହୁତ ।	Daru reaḱ koto esu pureḱ.
ଗଛର ଛେଲି ବହୁତ ମୋଟା ।	Darubakalaḱ/ daruhartaḱ/daruhartaḱ/ chokaḱ/ esu ibila.
ଗଛର ଓହଳ ଛିଣ୍ଡି ଯାଉଛି ।	Darujor/joroe siṛoḱ tana.
ଗାମୁଛାରେ ପୋଛି ଦିଅ ।	Gamchate joṛen me.
ଗେଞ୍ଜି ପିନ୍ଧ ।	Ganjin me.
ଗୋଡ଼ରେ ଖଡୁ ପିନ୍ଧି ନାହିଁ ।	Kaṭare kae andue kana.
ଗଧ ଉପରେ ବସ ।	Gada chitanre dubme.
ଗୟଳ ଦୌଡୁଛି ।	Saĩl nire keṛe.
ଗଣ୍ଡା ପାଣିରେ ଅଛି ।	Daḱ hatī daḱ’re minaḱie.
ଗୁଣ୍ଡୁଚି ମୂଷା ଖେଳୁଛି ।	Tuu inuṅ  tana.
ଗେଣ୍ଡାଳିଆ ଉଡି ଗଲା ।	Kaõr apir yana.
ଗୁଣ୍ଡୁରୀ ଚଢ଼େଇ ଘାସରେ ଲୁଚିଲା ।	Ḍuurḱ oy dumbureć uku yana.
ଗୋଧି ପଳାଇଲା ।	Toorḱ nir yana.
ଗୋଖର ସାପ ଅଛି ।	Panḍunagu Biń menaḱća.
ଗଉଡୁଣୀ ପୋକ ଯାଉଅଛି ।	Bakut́ chidu bakuṛ bakut́ iṛen tana.
ଗୋବର ପୋକ ଗଡ଼ି ବୁଲୁଛି ।	Guriḱ chidu baṭi baan tana.
ମାଛ ଗାଲିସି ପକାଇଦିଅ ।	Haku/ hai harãyaṛo eṛaḱtaam.
ଗେଣ୍ଡା ପାଣିରେ ଅଛି ।	Genḍa daaḱre minai ye.
ମାଟି ଗୋଲା ତିଆରି କରି ଖେଳିବା ।	Hasa gui bai kate’bu inuṅabu.
ଗଦାରେ ପିଟିଲା ।	Martulte tamkiḱe.
ତାଙ୍କର କଥା ମାନି ଗୋଲାମ୍ ହୋଇ ରହିଛନ୍ତି ।	Akinaḱ kaji hobor kate minaḱ kina.
ଗୁମ୍ଫାରେ ଭାଲୁ ନାହିଁ ।	Gongorḱre (balu) dangī baṅaća.
ଗ୍ରାମରେ ଲୋକ ଅଛନ୍ତି ।	Hature hōṛo ko minaḱ koa.
ଗଳି ରାସ୍ତାରେ ଯାଅ ।	Ko cha horate senoḱ me.
ଚନ୍ଦ୍ର ଗ୍ରହଣ ହୁଏ ।	Chanḍuḱ garnaw aḱ.
ଗ୍ରୀଷ୍ମଦିନେ ବହୁତ ଗରମ ।	Ringee singee esu loloa.
ଗାଢ଼ନାଲି ଶୀଘ୍ର ଜଣା ପଡ଼େ ।	Jenget́ anjaa urumoḱa.
ଗେରୁଆ ବସ୍ତ୍ର ପିନ୍ଧିବା ।	Tara sasaṅ teaḱ bu tolêa.
ଗ୍ରୀଷ୍ମ ଛୁଟି ଦୁଇ ମାସ ହୁଏ ।	Ringee singee hoka bar Chanḍuḱ hobana.
ତାକୁ ଗିରଫ କରାଯାଉ ।	Aeke tol idi’me.
ଗ୍ରାହକ ନାହିଁ ।	Nameniḱ/ idiniḱ baṅaća.
ରେଳଗାଡ଼ିରେ ବହୁତ ଗାଡ଼ି ବଖରା ଅଛି ।	Linḍugaṛire esupureć gaṛiṛaba menaḱa.
ଗଇଁତିରେ ମାଟି ତାଡ଼ ।	Gaẽtate Hasa ta’ṛime.
ଧାନ ଚାଷ କରିବା ।	Bababu chaasoya.
ଧନୀ ଲୋକମାନେ ଚାକର ରଖନ୍ତି ।	Munḍe ‘hō’ ko dasi hōko rikakoa.
ଚୋର ଚୋରୀ କରୁଛି ।	Kumbuu kumbui tanaḱ.
ଚିତ୍ରକର ଚିତ୍ର ଆଙ୍କୁଛି ।	Bengera bengabangi bai tana.
ଗରମ ଜିନିଷକୁ ଚିମୁଟାରେ ଧରନ୍ତି ।	Lol giniso chimṭateko sabêa.
ଚାମୁଚରେ ଖାଇବା ।	Kombōtebu jomêa.
ଚୁଲିରେ ହାଣ୍ଡି ବସାଇବା ।	Iṭuloḱre chaṭubu chondaêa.
ଚଟୁରେ ଘାଣ୍ଟିବା ।	Lunḍiitebu sauṭia.
ଚଟେଇରେ ବସିବା ।	Hun jaṭirebu dube.
ଚଉକିରେ ବସିବା ।	Tenḍer machile rebu dube.
ପାଦକୁ ସୁରକ୍ଷିତ ପାଇଁ ଚଟି ପିନ୍ଧନ୍ତି ।	Kaṭatalka bugin taen lagiṛo jōtabu horoḱêa.
ଝିଅମାନେ ଚେନ ପିନ୍ଧବା ପସନ୍ଦ କରନ୍ତି ।	Kui honoko suna hisirko rãsatiaḱ.
ଚିତାବାଘ ବହୁତ ଦୌଡ଼ିପାରେ ।	Sona chitakule esuḱnirdae.
ଚୁଚୁଂନ୍ଦ୍ରା ମାରିଲେ ଗନ୍ଧ ହୁଏ ।	Chundi goḱe kireesu soana.
ଚାତକ ପକ୍ଷୀ ପାଣି ପାଇଁ ଉଡ଼ି ବୁଲେ ।	Ṭiruṅ oyo daḱ lagiṛo apir biyure n tana.
ଚିଲ ଆକାଶରେ ଉଡ଼ିବୁଲେ ।	Kuit́ sirmare apir biyur yentan.
ଚିତି ସାପର ବିଷ ମାରାତ୍ମକ ।	ChitiBińnje bis go’goḱêa.
ମାଂସରେ ଚର୍ବି ଥାଏ ।	Jilure itil taene.
ଚା’ ପିଇବା ଅଭ୍ୟାସ କରୁନ୍ତି ନାହିଁ ।	Chaa daḱ nũ kabu sebena.
ଚୁରୁଟ୍ ପାନ କରନ୍ତୁ ନାହିଁ ।	Pike kabu siṕêa.
ଚୁଡ଼ା ଜଳଖିଆରେ ବ୍ୟବହାର କରାଯାଏ ।	Taben basiyem menreko jomêa.
ଧାନରୁ ଚାଉଳ ହୁଏ ।	Baba eyete Chaulioḱa.
ଚଣା ବୁଟ ଆମ ପାଇଁ ଭଲ ।	Chana bugina.
ଆଖି ଖରାପ ହେଲେ ଚଷମା ପିନ୍ଧନ୍ତି ।	Miat́ korabyanre chosomako horoḱêa.
ଚେଙ୍ଗମାଛ କାଦୁଅରେ ରହେ ।	Choṛa hai losooṛoreć taenō.
ପୂର୍ଣ୍ଣିମାରେ ଚନ୍ଦ୍ର ଗୋଲ୍ ଦେଖାଯାଏ ।	Punaĩ musiṅ Chanḍuḱu ḍuulge neloḱw.
ରାତିରେ ଚନ୍ଦ୍ର କିରଣ ଦେଖାଯାଏ ।	Nide nubeḱre tetoḱ marosal/Chanḍuḱ marsal neloḱw.
ସୂର୍ଯ୍ୟ ଓ ଚନ୍ଦ୍ର ଏକ ସରଳ ରେଖାରେ ରହିଲେ ଚନ୍ଦ୍ରଗ୍ରହଣ ହୁଏ ।	Singi onḍoḱ Chanḍuḱu mit́ panti rekiṅ taiyenḍe do Chanḍuḱ garona hobana.
ଚୈତ୍ର ମାସରେ ମହୁଲ ଫୁଲ ପଡ଼େ ।	Sene୍dora Chanḍuḱu maṛokam iyuḱe.
ଦୁଃକ୍ତାରେ ଚୂନ ମିଶାଯାଏ ।	Sukulre chuun gosoḱ mit́oḱa.
ଛାତି ଯନ୍ତ୍ରଣା ହେଉଛି ।	Kuam hasu  tana.
ଠାକୁରଙ୍କ ଜାଗାରେ ଛେପ ପକାନ୍ତୁ ନାହିଁ ।	Bongako jagare kabu beḱeêa.
ଛୋଟା ଲୋକ ଚାଲି ପାରେ ନାହିଁ ।	Choṭa Hoo kać sendaêa.
ସ୍କୁଲ୍ରେ ଛାତ୍ରମାନେ ଅଛନ୍ତି ।	Monḍore paṭuekō menaḱkôa.
ଘର ଛାଉଣୀ କରିବା ।	Ohaḱbu dal bêa.
ବର୍ଷାଦିନେ ଛତା ଆବଶ୍ୟକ ହୁଏ ।	Gamadin chatom esu dorokarା.
ଛୁରୀରେ ଲେମ୍ବୁ କାଟିବା ।	Katute limbubu geṛêa.
ବର୍ଷା ଦିନେ ଛତୁ ଫୁଟେ ।	Gamadin ut́ omonoḱa.
ଛୁଞ୍ଚିରେ ସିଲାଇ କରିବା ।	Sujetebu gaḱêa.
ଗରିବ ଲୋକମାନେ ଛିଣ୍ଡାଲୁଗା ପିନ୍ଦନ୍ତି ।	Rengeć hō’ko cha chaḱ lijeḱko tolena.
ପଡ଼ିଆରେ ଛଡ଼ା ଚରୁଛି ।	Peṭã Urić goṛareko atiṅ  tana.
ଛେଳି ପତ୍ର ଖାଏ ।	Merom pataa Jomaḱ.
ଛଞ୍ଚାଣ କଞ୍ଚା ମାଂସ ଖାଏ ।	Richi berel jilu joma.
ଛାଇରେ ବସିବା ।	Umbulrebu dubeḱ.
ଜିଭ ସ୍ୱାଦ ବାରିପାରେ ।	Leḱe te nogoṛo aṭakar daêa.
ଜଂଘ ବ୍ୟଥା ହେଲା ।	Bulu haasu tana.
ଜଟା ମୁଣ୍ଡରେ ପାନିଆଁ ଚାଲେ ନାହିଁ ।	Joṭo Bohḱ ka nakiḱyoḱa.
ଜାଲରେ ମାଛ ଧରାଯାଏ ।	Jalomte haikoko saṕ kow.
ଜୁନ୍ ମାସରେ ଜାମୁ ପାଚେ ।	Achaṛa Chanḍuḱୂḱure kudemataw.
ଜିଆଖତ ଚାଷ ପାଇଁ ଭଲ ।	Lenḍaṛ ić chaaso lagiṛo esu bugina.
ଜୋକ ପାଣିରେ ରହେ ।	Hapat́do daḱre taene.
ଜଳହସ୍ତୀ ଦେଖିବାକୁ ଭୟଙ୍କର ।	Daḱhati borogeć neloḱa.
ଜାଆଁଳ ମାଛଗୁଡ଼ିକ ପୋଖରୀ ପାଣିରେ ରଖାଯାଏ ।	Haihonkō bandadaḱ reko asul koa.
ଜଳ ହିଁ ଜୀବନ ।	Daḱ/ poyoṅ ge jībon.
ଜଳସ୍ରୋତ ଉଚ୍ଚରୁ ନିମ୍ନକୁ ବହିଥାଏ ।	Haṛidaḱ ṛipeete latarte haṛine.
ଜଳପ୍ରପାତ ନାହିଁ ।	Durdur banoḱa.
ସମୁଦ୍ରରେ ଜୁଆର ଉଠେ ।	Dorea daḱ cheẽ len tana.
ଜଳ କମିଯିବାଟାକୁ ଜଳ ପତନ କୁହାଯାଏ ।	Daḱ komoḱtea ge daḱ chepel.
ଆମ ଜିଲ୍ଲା ବଡ଼ ।	Abuaḱ upeṛ maranga.
ଚାଷ ପାଇଁ ଜଳବାୟୁ ଆବଶ୍ୟକ ଅଟେ ।	Chaaso paiṭi lagit́ daḱgama gorojo menaḱa.
ଏ ଜଗତରେ ମାନବ ଏକ ।	Nen mulukure manoako miṛoaḱ.
ଜଡ଼ାତେଲ ନାହିଁ ।	Jaṛa sunum banoḱa.
ଜିନିଷ ଓଜନ କରିବା ।	Tuletebu jokaêa.
ଭୁଲ୍ କାର୍ଯ୍ୟରେ ଜୋରିମାନା ହୁଏ ।	Loṭom paiṭire danḍe namoḱa.
ଜାମିନ୍ରେ ବାହାରିଛନ୍ତି ।	Jimareć oloaḱ kana.
ଚୋରକୁ ଜେଲ୍ ହେଲା ।	Kumbuko satar kiḱe.
କଥାରେ ଜବାବ୍ ଦେଲା ।	Kajire hanal emkiṛa.
ଜମା କର ।	Hunḍi taame.
ଖରାରେ କାମ କଲେ ଝାଳ ବାହାରେ ।	Jeṭere paiṭire balbaldaḱ oola.
ଝୁଡ଼ଙ୍ଗକୁ ତରକାରି କରି ଖାଆନ୍ତି ।	Nangali rambaḱa utuketeko jomêa.
ଝାଲରି ଦେଇ ପିମ୍ପୁଡ଼ି ଗଲା ।	Jarjali horate muć senoḱ yana.
ଝଡ଼ିପୋକ ମଲା ।	Ṭupuṅ, goć  yana.
ଝିଙ୍କାରୀ ଶବ୍ଦ କରୁଛି ।	Rẽ rẽ saṛi’ tana.
ଝିଅମାନେ କୋମଳମତୀ ।	Kui honoko labar homoṇo tekoa.
ଝିଣ୍ଟିକା ଡ଼େଇଁ ଡ଼େଇଁ ଖେଳୁଛି ।	Baṭa uć uć te inuṅ  tana.
ଝାଟିମାଟିର ଘର ।	Hasa kãto Oaḱ.
ବାଉଁଶରୁ ଝୁଡ଼ି ତିଆରି ହୁଏ ।	Maḍoete pachiaḱ baioḱa.
ଝିଟିପିଟି କାନ୍ଥରେ ରହେ ।	Hor chochoḱe ginilreć taene.
ଝରଣା ବୋହି ଯାଉଛି ।	Joron haṛi tana.
ଟଗର ଫୁଲ ନାହିଁ ।	ToaBah banoḱa.
ଟେରା ଆଖି ।	Kãseḍo meḍo.
ଟେବୁଲ୍ ନେଇ ଆସ ।	Ṭungipaṭa aguêpe.
ଟୋକେଇ ଆଣ ।	Ṭunki aguême.
ଟୋପି ପିନ୍ଧ ।	Bohḱ dapalte dapalenme.
ଟିଆ ଉଡ଼ିଯାଉଛି ।	Doć oy apiren tana.
ଟିଙ୍କ ଲାଗିଛି ।	Tiki jumaṅng akana.
ଟଙ୍କାକିଆ ଆଣ ।	Miṛo ṭaka aguême.
ଟିପାଖାତା ନାହିଁ ।	Onolputi banoḱa.
ଟିଣ ଦିଅ ।	Raṅ imanjme.
ଟିକା ନେଇଛ ।	Ṭike kenem.
ଠିକାଦାର ଠିକା କାମ କରେ ।	Ṭikedar ṭikeć paiṭia.
ଠେକୁଆ ଘାସ ଖାଏ ।	Kulee tasaṛaḱ joma.
ଆପଣଙ୍କର ଠିକଣା କେଉଁଠି ।	Abenaḱ ṛogor okona ?
ଠେଙ୍ଗାରେ ପିଟିଲା ।	Soṭate tamkiḱe.
ମୋତେ ଠକିଲା ।	Anjeć chakaḍokiṛinje.
ଠେଲା ଗାଡ଼ିରେ ପାଣି ଆଣ ।	Udur gaṛite daḱ aguême.
ଠିକିରୀ ଆକାରର ମାଛ ।	Chombole lekan haku.
ଗଛଟି ଡେଙ୍ଗା ଅଟେ ।	Daru salangi menaḱa.
ଡଲାରେ ଫୁଲ ନାହିଁ ।	Ḍalare Bah banoḱa.
ଡୋଲିରେ ଧାନ ରଖ ।	Ḍilire baba e meme.
ଡାଳିମ୍ବ ଫଳିଛି ।	Kotuli joo akana.
ଡିମିରି ଫଳ ।	Loa joo.
ଡାଲ୍ଚିନି ଛେଲି ଆଣ ।	Nogoḍo pan chokaḱ aguême.
ଡେଉଁରିଆରେ ଔଷଧ ଥାଏ ।	MandalireReht́ taene.
ଡାମରା କାଉ ଗଛରେ ବସିଛି ।	Buru kaaḱ darureć dube kene.
ଡାହୁକ ଉଡୁଛି ।	Hedegeleć apire kene.
ଡାଁସ, ମଶା ବଢ଼ୁଛନ୍ତି ।	Murmuṇiḱ ko sangiyoḱ tana.
ଡିଆଁରୋଗ ବ୍ୟାପୁଛି ।	Jan rōgate hoṛoko janoḱ tana.
ଢାଳରେ ପାଣି ଦିଅ ।	Mutate daḱ aguême.
ଢାଙ୍କୁଣିରେ ଢାଙ୍କି ଦିଅ ।	Danapalte daloṕ taame.
ଢମଣା ପଳାଇଲା ।	Jambue nir yana.
ଢାଲ ଦ୍ୱାରା ନିଜକୁ ବଞ୍ଚାଇଲା ।	Ṭaṭaḱte Ać haroduḱ  yana.
ତଳିପାଦରେ କଣ୍ଟା ବାଜିଲା ।	Kaṭa talkare janum ṭoḱa yana.
ତଳିପେଟ ବ୍ୟଥା ହେଉଛି ।	Latar lai hasu tana.
ତାଳୁରେ ମାଛ କଣ୍ଟା ଲାଗିଲା ।	Chitana/ taṛurre haku jaṅ daṅ geṛ akana.
ମୁହଁରେ କଳା ତିଳ ଅଛି ।	M chare jonomṭike/ daaga menaḱa.
ତହସିଲଦାର ନାହାନ୍ତି ।	Tusilodar bangaiḱ ye.
ତାନ୍ତ୍ରିକ ପଳେଇଲେ ।	Dewã senoḱ yana.
ତନ୍ତି ଲୁଗା ବୁଣେ ।	Peãe lijeć teṅnjeã.
ତେଲି ତେଲ ପେଡୁଛି ।	Sunum len taniḱ sunum len tana.
ତର୍ପଣ ପାଣି ଦିଅ ।	Ataṅ pasit́ daḱ imanjo me.
ଋଷୀ ତପସ୍ୟା କରୁଛି ।	Jugi sadana tanaḱ.
ତୀର୍ଥ ଜାଗା ବୁଲିଯିବା ।	Nel‌jom‌ ṭaet́ honor hućoḱe.
ତାଳ ଗଛ ଡେଙ୍ଗା ।	Taaṛo daru esu salangiêa.
ତଳ ମହଲାକୁ ଯାଅ ।	Latar dopate senoḱ me.
ତକିଆ ଉପରେ ମୁଣ୍ଡ ରଖାଯାଏ ।	Lebeć oṭongire Bohḱ rikatw.
ତାଉଆରେ ପିଠା କରାଯାଏ ।	Lapeṭare lat́ baioḱa.
ତାଟିଆରେ ତରକାରୀ ରଖାଯାଏ ।	Ginere utu rikaw.
ଘରେ ତାଟି ଲଗାଇବା ।	Ohaḱre silopiṅ, hanḍeṛ taḱa.
ତଉଲିଆ ପିନ୍ଧିବ ।	Tuliḱe lijeḱ/karsiLijaḱ bu tolêa.
ତେଣ୍ଡାରେ ପାଣି ଉଠାଯାଏ ।	Daḱ ṛinkulote daḱ rakaba.
ମାଂସ ତରକାରୀ ।	Jilu utu.
ତାଳଗୁଡ଼ରେ ପିଠା ତିଆରି କରାଯାଏ ।	Taaṛo guuṛute laṛobu bai ye.
ଭାତର ତୋରାଣି ହୁଏ ।	Manḍiete dunḍoḱdaḱ hobawa.
ଖରାଦିନେ ତରଭୁଜ ଖାଇବା ।	Jeeṭe haroṕ kakaru jomêa.
ତେନ୍ତୁଳି ଖଟା ।	Jojo moroḱe.
ତାଳଗଛ ଡେଙ୍ଗା ଅଟେ ।	Taaṛodaru salangie.
ତମ୍ପ ସାପ ବଡ଼ ବିଷଧର ।	Panḍunagu esu biisi menaḱa.
ତେଲୁଣି ପୋକ ଜଙ୍ଗଲରେ ଦେଖାଯାଏ ।	Linḍu chidu burure neloḱa.
ତିମି ମାଛ ସମୁଦ୍ରରେ ରହେ ।	Timi hai doreare taene.
ତାକୁ ତୋଡ଼ି ଦିଅ ।	Ać harnir ime.
ଶ୍ରାବଣ ମାସରେ ତୋଫାନ ହୁଏ ।	Ador Chanḍuḱre hoyo gamaḱe aḱ.
ତଳ ଜାଗା ।	Latar jaga.
ତ୍ରୈମାସିକ ବୈଠକ ହୁଏ ।	Apee Chanḍuḱre dunuṕ hobawaḱ.
ତେଲ ଲଗାଇ ଗାଧୋଇବା ।	Sunum ojoḱ kate bu oṛana.
ତୀର ମାରିବା ।	Sarobu tunjêa.
ତୋପ ଆଣ ।	Bardu aguême.
ତାସ ଖେଳିବା ।	Taasobu inuṅnge.
ଦାନ୍ତରେ ଚୋବାଇବା ।	Daṭatebu tagoḱêa.
ଦାନ୍ତ ମାଢ଼ି ବ୍ୟଥା କରୁଛି ।	Daṭasuganḍu hasuń  tana.
ଦାଢ଼ି କାଟିବା ।	Daṛiabu hoyona.
ଦଦେଇ ଘରକୁ ଆସିଲେ ।	Kaka Oaḱte hućoḱ yana.
ଦରଜି ଲୁଗା ସିଲେଇ କରୁଛନ୍ତି ।	Ga gaḱnić lijeć silai tana.
ଜ୍ଞାନ ଦାତା ଆସୁଛନ୍ତି ।	Payam emiḱ hućoḱ tana.
ଦୂତ ଆସିଥିଲେ ।	Maara hućoḱ lena.
ଦେଶବାସୀ ପଳେଇଲେ ।	Disum hoṛoko nir yene.
ଦ୍ୱାରପାଳ ଜଗିଛନ୍ତି ।	Duari horoa kaṛa.
ଦଉଡ଼ିରେ ବାନ୍ଧିବା ।	Bayarotebu tolêa.
ଦାଆରେ ଧାନ କାଟିବା ।	Datarom‌te bababu iria.
ଦିଆସିଲି ନାହିଁ ।	Chorkaṛiḱ/chorsengel banoḱa.
ଦୀପ ଜଳୁଛି ।	Subiḱre sūṛita jul tana.
ରଜଦୋଳି ଖେଳିବା ।	Rojo porobrebu ṛiluene.
ଦୀପରୁଖାରେ ଦୀପ ଜଳୁଛି ।	Subiḱre sūkita jul tana.
ଦରସିଝା ଭାତ ।	Buduri manḍi.
ଦହି ଖାଇବା ଭଲ ।	Moroć toa nuũ esu bugina.
ପ୍ରତିଦିନ ଦୁଧ ପିଇବା ଉଚିତ୍ ।	Saben din toa nuuĩ gorojo tana.
ଛେନା ଭାରି ମିଠା ।	Ḍumbaḱ toa esu nogot́a.
ଦୁଦୁରା ଫୁଲ ଧଳା ଅଟେ ।	Tootoo Bah punḍia.
ଦେବଦାରୁ ବହୁତ ଡେଙ୍ଗା ।	Bongadaru esu salaṅngia.
ଦନ୍ତା ହାତୀ ଆସୁଛି ।	Daṭaan hatī hućoḱ tana.
ଆମ ଦେଶ ମହାନ୍ ।	Abu disum maraṅ garaṅa.
ଦଶମୀରେ ମାସର ଦଶଦିନ ।	Ipisiṅ ulaṅ Chanḍuḱୂḱ reaḱ gelsingi hobana.
ଦ୍ୱାଦଶୀ ଦିନ ମାସର ୧୨ ଦିନ ।	Boyoṭa/ gelbarma miḍoChanḍuḱ reaḱ gel bar ma’ ulaṅ chabana.
ଦୁଇଟଙ୍କିଆ ମୁଦ୍ରା ଅଛି ।	Barṭaka teaḱ sika menaḱa.
ଦଶଟଙ୍କିଆ ନୋଟ୍ ଅଛି ।	Gelṭaka teaḱ looṭo menaḱa.
ଦିସ୍ତାରେ ଘର କର ।	Chalpat́ te Oaḱ baipe.
ଦୁଆତ୍ କାଳି ଆଣ ।	Kaṛi bōtol aguême.
ଦରମା ଆଣି ନାହିଁ ।	Kue kać aguteṛe.
ଆମର ଦାବୀ ପୂରଣ ହେଉ ।	Aleaḱ kojar hoban cha.
ଦଣ୍ଡ ପାଇବ ।	Danḍem namea.
ଦୋଷ କରିଛ ।	Dusī  tat́a.m.
ଦୁର୍ନିତି କାର୍ଯ୍ୟ ବୃଦ୍ଧି ପାଉଛି ।	Kaarayo paiṭi pureć en tana.
ଦାମ୍ କମ୍ ଅଛି ।	Huṛiṅ gonoṅ.
ତାଙ୍କଠାରୁ ଦେୟ ପାଇବାର ଅଛି ।	Akiṅ taaḱete୍ eme teaḱ/enem namoḱa.
ଦଲାଲ୍ ମିଛ କହନ୍ତି ।	Dolarīko chakaḍo/jalue kaji kaji’ya.
ଦୁଇ ଦଳ ଲୋକ ଆସିଛନ୍ତି ।	Bar huda hoṛoko hućoḱe kene.
ଦୌଡ଼ିବା ଆସ ।	Elabu niria.
ଧାଈ କାମ ବୟସ୍କ ସ୍ତ୍ରୀ ଲୋକମାନେ କରନ୍ତି ।	Dubdarom/hon hoba tanre denga paiṭi ituan erako/tan era paiṭiêa.
ଧନୁର୍ଦ୍ଧର ହୁଅ ।	Aḱ sar/aḱ, sa’bniḱ/aḱ sabniḱ baioḱme.
ଭଲ ଧର୍ମଯାଜକ ହୁଅ ।	Dorom kajietoko baioḱme.
ଧନୀ ଲୋକ ।	Munḍe hō.
ଧ୍ୟାନରେ ବସ ।	Mon iṛiṅ keete duṕ me.
ସନ୍ଧ୍ୟା ଧୂପ ଦିଅ ।	Ayuṕ duupuem taam.
ଧର୍ମର ହେଉ ଜୟ ।	Dorom  reaḱ hirla hobanma.
ଧର୍ମ ପରାୟଣ ବ୍ୟକ୍ତି ।	Dorom duum hoṛo.
ଧର୍ମଶାଳାରେ ବସ ।	Jiraō Oaḱre dubme.
ଧନାଗାରରେ ଉଇ ଲାଗିଲେ ।	Murui Oaḱ nidir ket́a.
ଧୂଆଁପତ୍ର ନେଇ ଆସ ।	Sukul sakam aguême.
ଧାନ ରୁଆ କର ।	Baba roae me.
ଧନିଆଁ ଭଲ ବାସନା ଦିଏ ।	Suan aaḱ buginsoaneć emêa.
ଧାନ ଗଛ ମରିଗଲା ।	Babadaru goć yana.
ଧୋତି ପିନ୍ଧ ।	Dūti tōleme.
ଶାଢ଼ିର ଧାଡ଼ି ନାହିଁ ।	Saṛire ranga banoḱa.
ଧଣ୍ଡ ସାପ ଅଛି ।	Ḍunḍu/ dunḍu Biń menaḱća.
ଧୂଳିଆ ନାଗ ପଳାଇଲା ।	LoyoṅBiń nir yana.
ଧୂଳିରେ ଖେଳ ନାହିଁ ।	Ḍulit́re alom inuṅa.
ଧୂମକେତୁ ଆକାଶରେ ଉଡ଼ିବୁଲେ ।	Jonoḱipil sirmariḱaḱ.
ଧ୍ରୁବତାରା ଦିଶୁଛି ।	Burke ipil neloḱ tana.
ଟଗର ଫୁଲ ଧଳା ଅଟେ ।	TooBah punḍi neoḱa.
ଧାରୁଆ କଟୁରି ।	Leser bankie.
ଧୁର୍ମୁଷ ହୋଇନାହିଁ ।	Ka takit́ kan chalpa/ duromusue kene.
ଧନୁ ଧରନାହିଁ ।	Aḱ alom sa’ba.
ନାକ ବନ୍ଦ କର ।	Muṭe saṕ kese ṛem.
ନାକ ଦଣ୍ଡା ଦେଖା ଯାଉଛି ।	Muṭe jangi neloḱ tana.
ନାକ ପୁଡ଼ା ବନ୍ଦ ହେଉଛି ।	Muṭe unḍu keset́ tana.
ନାଡ଼ି ଚାଲୁ ନାହିଁ ।	Naṭike kaa sesen tana.
ନଖ କାଟ ।	Sar sar geṛenme.
ନାଭି ଦେଖାଯାଉ ନାହିଁ ।	Buṭi kaa neloḱ tana.
ନିଶ କଳା ଦେଖାଯାଉଛି ।	Daṛia hene୍do ge neloḱ tana.
ନିଶ୍ୱାସ ଠିକ୍ରେ ନେବା ।	Sidaṅ bugite iṛeme.
ପ୍ରଶ୍ୱାସ ନେଲାବେଳେ ବ୍ୟଥା ହେଉଛି ।	Saet́ tanre hasuń tana.
ନାକ ଅଗରେ କଳାଦାଗ ଅଛି ।	Muṭe chuṭiḱ rehene୍do daaga menaḱa.
ନାବାଳକ କାମ କରୁଛି ।	Boyo paiṭi  tana.
ନାତି ଅଜାର ଗପ ଶୁଣୁଛି ।	Jaihon tata teaḱ kahanī ayum tana.
ନାବିକ ଡଙ୍ଗା ଚଳାଉଛି ।	Lauṛia ṛongaḱ chalawo tana.
ନରକକୁ ଘୃଣା ଲାଗେ ।	Bisinḍiḱ kaaṭikie adaoḱa.
ନଡ଼ା କଟା କଳ ଆଣ ।	Busuḱ banḍiḱ teaḱ aguê me.
ନଡ଼ିଆ କୋରଣାରେ ନଡ଼ିଆ କୋରାଯାଏ ।	Nuṇie gonotaḱ te, nuṇie ko gotaḱêa.
ନାଉ ତରକାରୀ କରାଯାଏ ।	Lauko utuye.
ନିହାଣ ନେଇଆସ ।	Mogaru aguême.
ନିରାମିଷ ରହିବା ଭଲ ।	Aĩsi ka jomre bugina.
ନାସ ନାହିଁ ।	Gosoḱ sukul banoaḱ.
ନଡ଼ିଆ ପୂଜା କାମରେ ଲାଗେ ।	Nuṇiye bongaburu paiṭire hućoḱe.
ନିମକୁ ଔଷଧ ରୂପେ ବ୍ୟବହାର କରାଯାଏ ।	Nim ret́ ranu paiṭire hućoḱe.
ନାଗଫେଣି ମରିଯାଉଛି ।	Lutur buḱ janum goćoḱ tana.
ନାସ୍ପାତି ଆଣ ।	Gosoḱ sukul papaḱa agoime.
ନଳିତା ଦୌଡ଼ାରେ ବାନ୍ଧିବା ।	Jaṇi bayartebu tolêa.
ନଦୀକୂଳରେ ଗାଧୋଇବା ।	Gaṛakuṭireko oṛana.
ନଦୀର ଉତ୍ପତ୍ତି ସ୍ଥାନ ବହୁତ ଦୂରରେ ।	Gaṛare aḱ sotoḱ esusaniṅrêa.
ନାଳ ବହୁଛି ।	Loor haṛi tana.
ନଗରରେ ଲୋକ ସଂଖ୍ୟା ବେଶୀ ।	Hoo aṭoṅre hōko sangia.
ଆକାଶରେ ନକ୍ଷତ୍ର ଦେଖାଯାଏ ।	Rimilre ipilko neloḱw.
ନବମୀ ଦିନ ପଳେଇ ଆସ ।	Angar ulaṅ hućoḱ ben.
ଆକାଶ ନୀଳ ଦେଖାଯାଏ ।	Rimil lilge neloḱw.
ଦୁଇ ଟଙ୍କିଆ ନୋଟ୍ ।	Baroṭaka looṭo.
ପେନ୍ର ନିବ୍ ନାହିଁ ।	Olat́ reaḱ l chaṅ banoḱa.
ପୋଖରୀ ନିଲାମ୍ କରାଗଲା ।	Pukuri i lem keaêa.
ହୋ ଭାଷା ସ୍ୱୀକୃତି ପାଇଁ ନିଷ୍ପତ୍ତି କରାଗଲା ।	Hoo hayam maan eme lagit́ saar hoba yana.
ନଗଦ ଟଙ୍କା ଦିଅ ।	Rokage ṭaka ememe.
ତା’ରି ନମୁନାର ଜିନିଷ ଆଣ ।	En lekanaḱ giniso aguême.
ନାଲିପାନ ଖାଇବା ।	Junguṛ panbu jomêa.
ନଦୀ ବହୁଛି ।	Gaṛa haṛi tana.
ପଂଜରା ହାଡ଼ ଭାଙ୍ଗିଗଲା ।	Panjara jaṅ raput́yan.
ପାକସ୍ଥଳୀରେ ଖାଦ୍ୟ ହଜମ ହୁଏ ।	Charalaiḱre nangom jireōḱa.
ରାମ ତଳିପାଦରେ କଣ୍ଟା ମାଡ଼ିଛି ।	Ram kaṭatalkare janumeć tega  tat́a..
ପାଟି ଘା’ ହୋଇଛି ।	M chań gawakana.
ବାଳ ପାଚିଲାଣି ।	Boo୍ bale panḍu yana.
ପିଠି କୁଣ୍ଢେଇ ହେଉଛି ।	Doya babatań tana.
ପିତ ପିତାଲାଗେ ।	Piiti mehera.
ମାଂସପେଶୀରେ ଘା’ ହୋଇଛି ।	Jumke jilurenjo gaw akana.
ପେଟ ବଥା ହେଉଛି ।	Láć hasu tana.
ଘା’ ପାଚି ପୂଜ ବାହାରିଲା ।	Gaw mata yana.
ପଞ୍ଜରା ହାଡ଼ ଭାଙ୍ଗିଲା ।	Sae jaṅ rapuṛakene.
ଆମ ଶରୀରରେ ଫୁସ୍ଫୁସ୍ ଅଛି ।	Abua homoõre borokoṛ menaḱa.
ପାଟି ହାଡ଼ ବିନ୍ଧୁଛି ।	Ajaṅ hasu tana.
ପୁଅ ଛୁଆ ଜନ୍ମ ହେଲା ।	Koa Hon jonom yana.
ପୁଅଛୁଆ ନଥିଲେ ପୋଷ୍ୟପୁତ୍ର ଦରକାର ।	Koa honko bankuḱre duṕ umbul dorokara.
ପୂର୍ବପୁରୁଷ ମାନଚୋଲିଚାଲି ଯାଉଥିଲେ ।	Duum hōko sen senteko senkina.
ପୁରୁଷ ପିଲା ।	Koa hon.
ସ୍ତ୍ରୀ ପିଲା /ଝିଅ ପିଲା ।	Kui hon.
ପତଳା ଓଠ ।	Etaṅ luṭi.
ପାଗଳ କୁକୁର ।	Baya seta.
ମୋର ଅଜା ପାକୁଆ ପାଟି ହେଲାଣି ।	Tataṅń buṛe chaipuṅ a chaba yana.
ବର୍ତ୍ତମାନ ମୋ ପୁଅ ସାବାଳକ ।	Naḱa do anjaḱ Hon harasepeḍeana.
ପାଠକମାନେ ବିଦ୍ୟାଳୟକୁ ଯାଉଛନ୍ତି ।	Paṭue ko monḍo teko senoḱ tana.
ପୁରୋହିତ ପୂଜା କରୁଛନ୍ତି ।	Diurī bonga tana.
ପଣସ ଗଛରେ ଫଳ ଅଛି ।	Poṇoso darure joo menaḱa.
ପାନ ଖାଇଲେ ଦାନ୍ତ ଖରାପ ହୁଏ ।	Pan jomere daṭa karaṕ chabaḱōḱa.
ପାନ ମହୁରୀ ପାନରେ ମିଶାନ୍ତି ।	Pan masala panoreko misêa.
ମୁଣ୍ଡରେ ପଗଡ଼ି ।	Boḱore benṭa.
ପାରା ଉଡ଼ି ଗଲା ।	Dudulum apiriana.
ପାଣିକୁଆ କଳା ଅଟେ ।	Daḱ kaaḱ hene୍doya.
ମୟୂର ପର ।	Maraḱ iãl.
ପାତି ହଂସ ପାଣିରେ ପହଁରନ୍ତି ।	Koṛoko daḱareko oyarena.
ପଚୋ ଡ଼ାକିଲା ।	Kokor raḱae tana.
ଗଛରେ ପକ୍ଷୀବସା ଅଛି ।	Cheṇe basa darure menaḱa.
ପଙ୍ଗପାଳ ଗବ ପତର ଖାଏ ।	Mukeparae ja ṛabindi pataḱkojoma.
ପ୍ରଜାପତି ଉଡ଼ିଗଲା ।	Pampal apiriana.
ପିମ୍ପୁଡ଼ି କାମୁଡ଼ିଲେ ବହୁତ ବ୍ୟଥା ହୁଏ ।	Muć hue esu hasua.
ପଡ଼ିଆରେ ଗୋରୁ ଚରୁଛନ୍ତି ।	Paṛiyere Urićko atiṅ tana.
ଶିମିଳିପାଳରେ ପର୍ବତ ଅଛି ।	Simiṛipaṛore buru menaḱa.
ପାହାଡ଼ରେ ପଥର ଅଛି ।	Guṭure diri menaḱa.
ପୋଖରୀରେ ମାଛ ଅଛନ୍ତି ।	Pukurire hakuko menaḱ koa.
ଭଗବାନଙ୍କୁ ପ୍ରତିଦିନ ଡ଼ାକିବୁ ।	Soben din Siṅbonga kiaroi me.
ପରଦିନ କାମ ଥିଲା ।	Holater paiṭi taikina.
ବର୍ଷା ସହିତ ପବନ ଆସିଲା ।	Gamaloḱte hoyo hućoḱ yene.
ଆମେ ସମସ୍ତେ ପୃଥିବୀରେ ବାସ କରୁ ।	Abu soben ot rebu taene.
ପୌଷ ମାସ ପରେ ମାଘ ଆସେ ।	Badi Chanḍuḱ chana sene୍dra chanḍoḱ hućoḱe.
ପିଂଜରାରେ ପକ୍ଷୀ ।	Garoare cheṇe.
ଲୁଗା ପୁଟୁଳା ।	Lija poṛom.
ଟିକଟ୍ ପେଟରାରେ ଅଛି ।	Ṭikoso piṭire emakana.
ପଖାଳଭାତ ଶାଗ ତରକାରୀ ।	Daḱ manḍi aḱa utu.
ପାଣି ବୋହୁଛି ।	Daḱ haṛi  tana.
ବୁଢ଼ା ଲୋକ ପିକା ଟାଣୁଛି ।	Buṛa pikaḱ siṕ tana.
ପିଠା ମିଠା ଲାଗେ ।	Lat́ nogot́a.
ପୁରି ତରକାରୀ ସହିତ ଖାଆନ୍ତି ।	Puri laṛo utu loḱko jomeo.
ପେଜ ବହଳିଆ ।	Dunḍuḱdaḱ ibila.
ପରଟା ପିଠା ବହୁତ ସୁଆଦିଆ ।	Poroṭa laṛo esu sibil.
ପଲଉ ସୁଆଦିଆ ।	Oar manḍi sibila.
ପରମାତ୍ମାଙ୍କୁ ସମସ୍ତେ ମାନନ୍ତି ।	Siṅbonga saboko manatiṅẽ.
ମନ୍ଦିରକୁ ଗଲେ ପାଦୁକା ପିଇବାକୁ ଦିଅନ୍ତି ।	Mondir senoḱ redo bonga kaṭa daḱ nũko emêa.
ଲକ୍ଷ୍ମୀର ପ୍ରତିମା ।	Lukumī aḱ murttī.
ରାଉଳିଆ ପୂଜା କରୁଛି ।	Dewã bonga tana.
ମୁଁ ଗୁହାରି କରୁଛି ।	Ań goarī tana.
ଜୀବ ହତ୍ୟା ମହାପାପ ।	Soben kohete jībon goḱe maraṅ paapo.
ମାନବ ଜୀବନରେ ପୂଣ୍ୟ କାମ କରିବା ଦରକାର ।	Manmī jībonre puyur paiṭi teaḱ goroja.
ପାପରୁ ପ୍ରାୟଶ୍ଚିତ ପାଇଲା ।	Paapoeteć halduḱ yene.
ପରିସ୍ରାଗାରରେ ପରିସ୍ରା କରନ୍ତୁ ।	Ḍuki Oaḱ re ḍuki pe.
ପଣ୍ଡା ପଘା ଛିଡ଼େଇ ଦେଲା ।	Paga ket́aḱ sit́ ket́a.
ଦୁଆର୍ରେ ପରଦା ଟଂଗା ହୋଇଛି ।	Duerre dana pal haka akana.
ପନିକିରେ କାଟନ୍ତି ।	Katu teko geḍêa.
ପଙ୍ଖା ଘୂରାଅ ।	Panka biyure m.
ମୁଣ୍ଡ ପାନିଆରେ କୁଣ୍ଡେଇ ହୁଅ ।	Boḱo nakić te nakićn me.
ପାଲିଂକିରେ କନିଆ ବସିଛି ।	Gonkui soãrīre dube kene.
ଧଳାମାଟି ପାଉଁଶିଆ ଦେଖାଯାଏ ।	Punḍi Hasado toroe leko neloa.
ପାଞ୍ଚ ଟଙ୍କିଆର ମିଠା ଆଣିବୁ ।	Moẽṭaka  reaḱnogot́ lat́ aguême.
ବଗି ଚାରେ ପ୍ରହରୀ ଅଛି ।	Bakaire horotaniḱ minaḱie.
ପରୀକ୍ଷକ ପରୀକ୍ଷା ନେବା ପାଇଁ ଯାଉଛନ୍ତି ।	Biṛaōiḱ biṛaō nel senoḱ tana.
ପରୀକ୍ଷା ଦେବୁ ।	Porīksa ememe.
ଭଲ ଖେଳିଲେ ପୁରସ୍କାର ମିଳେ ।	Baṇiẽ inuṅre sirpa namoḱa.
ଏକ ପୃଷ୍ଠାରେ ଅଛି ।	Mit́ onoṭaḱre menaḱa.
ପ୍ରଧାନଶିକ୍ଷକ ବିଦ୍ୟାଳୟରେ ଅଛନ୍ତି ।	Duyen guru mõnḍore menaḱie.
ପ୍ରାଣଦଣ୍ଡରୁ ମୁକ୍ତି ପାଇଲା ।	Jībon sikite haloduḱ nam ket́a.
ବ୍ୟାଗରେ ଟିକଟ ଅଛି ।	Beegere ṭikoso menaḱa.
ପୁନଃର୍ବି ଚାର କର ।	Onḍoḱmisa bichare/onḍoḱmisedunuṕ,pe.
ପ୍ରମାଣ ମିଳିଗଲା ।	Pormaṇo name yana.
ପାରିଶ୍ରମିକ ପାଇଗଲି ।	Nalako emaṛinje.
ପିତଳ ବଂଶୀ ଭଲ ବାଜେ ।	Pitel rutu esu saṛie.
ପଥର କଠିନ ଅଟେ ।	Diri keṭeć eêa.
ଭଗତ୍ ସିଂଙ୍କୁ ଫାସି କଲେ ।	Bhogot siṅ doko haka goḱe kiḱe.
ଆମ ଶରୀରରେ ଫୁସ୍ଫୁସ୍ ଅଛି ।	Abuhaḱ homoore borokot́ menaḱa.
ଫାଟକ ଦେଇ ପଶନ୍ତୁ ।	Anka duer hora bolome.
ଲୋକଙ୍କୁ ମାରିଲେ ଫାଣ୍ଡିକୁ ନିଅନ୍ତି ।	Hooko goḱe kore tana duer ko i dikoa.
ବସ୍ତା ଫୋଡ଼ିଣିରେ ସିଲେଇ କରନ୍ତି ।	Bosota do maraṅ suje teko gaḱêa.
ବିଲରେ ଫସଲ ହୋଇଛି ।	Beṛare kirsi hoba akana.
ମହୁ ଫେଣା ।	Dumur chata.
ଗଛରେ ଫଳ ଅଛି ।	Darure jooaḱ kana.
ବେକରେ ଫୁଲ ମାଳ ।	Hoṭoḱre Bah hisir.
ଲଙ୍ଗଳ ଫାସ ।	Nail pase.
ଫୁଲକୋବିର ତରକାରୀ ।	Bah kubi utu.
ଫାଲଗୁନ୍ ମାସରେ ଡ଼ାଳ ପୂଜା ହୁଏ ।	Badi ko chanḍoḱure Bah poroṕ,hobana.
ଆଗରେ ବାଳକ ଚାଲିଛି ।	Ayarre koahon sena kaṛa.
ବାଳିକା ପାଣି ବୋହିଛି ।	Maĩhon daḱ dipila kaṛa.
ବିଧବା ସ୍ତ୍ରୀ କାନ୍ଦୁଛି ।	Ranḍi era raḱa tana.
ତୁ ବୋକାଟା କି ?	Amdom buka gia chi ?
ବୁଢ଼ା ହେଲେ ଓଜନିଆ କାମ କରି ହେବ ନାହିଁ ।	Buṛe tenre hambal paiṭi kadaioḱa.
ବୁଢ଼ୀଲୋକ ହସୁଛି ।	Buṛiera landa tana.
ବାଳିକା ପାଣି ବୋହିଛି ।	Maĩhon daḱ dipila kaṛa.
ଆଗରେ ବାଳକ ଚାଲିଛି ।	Ayarre kuahon senakaṛa.
ବାଳିକା ପାଣି ବୋହିଛି ।	Maĩhon daḱ dipila kaṛa.
ବିଧବା ସ୍ତ୍ରୀ କାନ୍ଦୁଛି ।	Ranḍi era raḱatan.
ତୁ ବୋକାଟା କି ?	Amdom koõl gia chi ?
ବାପାଙ୍କ କଥା ମାନିବୁ ।	Apuyeć kaji ayumem.
ବଡ଼ଭାଇ ହାଟକୁ ଯାଉଛନ୍ତି ।	Bauń haaṭo senoḱ tana.
ଆମ ବାବୁ ବୋହୁ ଆଣିଛି ।	Ale babu kimin neć agutaie.
ବର ବାହା ହେବା ପାଇଁ ଯାଇଛି ।	Gonkoa aṇandin teć sen akanaḱ.
ବିମାତା ଛୁଆ ପାଠ ପଢ଼ୁଛି ।	Gaunjeć Hon paṛowo tana.
ଆମ ଦେଶକୁ ବିଦେଶୀମାନେ ବୁଲିବାକୁ ଆସନ୍ତି ।	Abu disum teeṭaḱ/eṭaḱdisum/disumparom/ disumrenko honor teko hućoḱe.
ତୁ ବହୁତ ବଦମାସ ।	Amdo esum kechoṛo gia.
ବରଯାତ୍ରୀମାନେ କନିଆ ଆଣିବା ପାଇଁ ଯାଇଛନ୍ତି ।	Era agu orera ko sen akana.
ବାଦ୍ୟକାର ବାଜା ବଜାଉଛି ।	Ṛengera damadumaṅ ngeć ru tana.
ମୁଁ ବେକାର ଅଛି ।	Ań samage menaḱnja.
ବଣିଆ ହାର ତିଆରି କରୁଛି ।	Sekera hisireć bai tana.
କୁକୁଡ଼ା ବଳି କଲେ ।	Simko bonga kiće.
ତୁମ ବାସଗୃହରେ ସାପ ପଶିଛି ।	Ape gitiḱ usemre Biń bolo akana.
ବାରଣ୍ଡାରେ କୁକୁର ଶୋଇଛି ।	Pinḍigire seta gitii akana.
ବଟୁଆରେ ପାନ ରଖନ୍ତୁ ।	Buṭuyeḱre pan rikame.
ବୁଢ଼ା ଆଙ୍ଗୁଳିରେ ବେଶି ଶକ୍ତି ଅଛି ।	Maraṅ ganḍare pureć peyeeć menaḱa.
ମୁଣ୍ଡ ବାଳ କାଟିବୁ ।	Boḱo bale ra chamen me.
ବାମ ହାତରେ ମୋତେ ଦେବୁ ନାହିଁ ।	Leẽngatiite//leṅngatiite alom emanja.
ବାହୁରେ ଡ଼େଉଁରିଆ ବାନ୍ଦିବୁ ।	Supure mandali tolem.
ବେକରେ ହାର ।	Hoṭoḱre hisir.
ଲଣ୍ଠନରେ ବତି ଥାଏ ।	Lanṭonre bati menaḱa.
ମହମ ବତୀ ଜଳାଅ ।	Sakit́ bati julem.
ସନ୍ଧ୍ୟା ବେଳେ ବଲିତା ଜଳାନ୍ତି ।	Ayuṕ paṅ suṛiteko julêa.
ବନ୍ସି କଣ୍ଟାରେ ମାଛ ଧରନ୍ତି ।	Baãsi janumte hakuko baãsi koa.
ବନ୍ଧୁକରେ ଚଢ଼େଇ ମାରିଲା ।	Bundukute oyeć toṛe kiḱe.
ବାଡ଼ି ଆଣ ।	Danḍaḱ aguê me.
ବାଲ୍ଟିରେ ପାଣି ଅଛି ।	Balṭire daḱa menaḱa.
ତୋ’ର ବିଛଣା ହୋଇଗଲା ।	Amaḱ gitii jaga aṭet́ hoba yana.
ବେତାରେ ବାଇଗଣ ଅଛି ।	Pachiyeḱre benga menaḱa.
ବୋତଲରେ ମହୁ ରସ ଅଛି ।	Botolre dumur rasi menaḱa.
ବାସି ତରକାରୀ ଖାଇବ ନାହିଁ ।	Basi utu alom jooma.
କେନ୍ଦୁପତ୍ରରେ ବିଡ଼ି ତିଆରି କରନ୍ତି ।	Biṛido tiril paa ta teko baiye.
ପଡ଼ିଆରେ ବିରି ବୁଣନ୍ତି ।	Goṛare reṭeć rambako herêa.
ବାଜରା ଭଜା ଭାରି ମିଠା ।	Gele gangai ata esu nogot́a.
ବାଇଗଣ ତରକାରୀ ।	Benga utu.
ବିଲାତି ଖଟା ।	Bilati moroḱe.
ବନ୍ଧାକୋବି ତରକାରୀ କରନ୍ତି ।	Puṭuekubi utuyeko.
ବରକୋଳି ମିଠା ଲାଗେ ।	Baijoo nogot́a.
ବର ଗଛ ।	Bai daru.
ବେଲ ଫଳ ଟାଣୁଆ ।	Beel joodo keṛeḱa.
ବେତ ବାଡ଼ି ।	Beẽte danḍaḱ.
ବଗି ଚାରେ ଫୁଲ ଫୁଟିଛି ।	Baganre Bah puṭew akana.
ବର୍ଷା ଦିନରେ ବର୍ଷାତି ବ୍ୟବହାର କରନ୍ତି ।	Gamadin gamasutui ko sutuin têa.
ବାଜୁ ବାହୁରେ ବାନ୍ଧନ୍ତି ।	Bajudo su pu reko tolêa.
ବଳଦରେ ହଳ କରନ୍ତି ।	Haṛa teko siuḱa.
ବିଲେଇ ଡାକେ ମିୟାଉ ମିୟାଉ ।	Bilee raḱaya miaũ miaũ.
ବରାହ କଳା ଦେଖାଯାନ୍ତି ।	Birsukuri hene୍dogeko neloḱa.
ବିଲୁଆ ବଡ଼ ଚତୁର ।	Tuyu esu siaṇiẽ.
ବାଘ ଗର୍ଜନ କଲା ।	Kule garjaw ket́aḱ.
ବାଘୁଣି ବୁଲୁଛି ।	Kuleenga honor tana.
ବଡ଼ମୂଷା ଧାନ ଖାଉଛି ।	Maranguṛu babaḱe leṭeć tana.
ବିଲେଇ ଛୁଆ ଧାଉଁଛି ।	Bilee Hon nire kaṛa.
ବଣି କିଚିରି ମିଚିରି ଡ଼ାକେ ।	Rami cher ber raḱae tana.
ବଗ ଧଳା ଦେଖାଯାଏା	Koḱo punḍigeć neloḱa.
ଖଜୁରୀ ଗଛରେ ବାୟା ଚଢ଼େଇର ବସା ।	Kijur darure chaṛu oyeaḱ luga.
ବାଦୁଡ଼ି ଉଡ଼ି ଗଲା ।	Baduṛi apiriana.
ବିଚ୍ଛା କାମୁଡ଼ିଲେ ବିଷ ଚଢ଼େ ।	Marmartu do bisi rakaba.
ବୋଡ଼ା ସାପ ଛେଳିକୁ ଧରିଲେ ଗିଳି ଦିଏ ।	Boṛa biń meromeć saṕ kire uṛia.
ବିଷ ପିଇଲେ ମରନ୍ତି ।	Maure nũ keere gogoḱêa.
ବଜ୍ରକାପ୍ତା ରାତିରେ ଚରନ୍ତି ।	Harmu nideko atiṅnje.
ନାଗସାପରେ ବିଷଦାନ୍ତ ଥାଏ ।	Panḍunagu binjre bisidaṭa menaḱa.
ବେଙ୍ଗକୁ ସାପ ଧରିଲା ।	Biń choke saṕ kiḱe.
ତୁମ ବସା କେଉଁଠି ?	Amaḱ basa okonre ?
ବୁଢ଼ିଆଣି ଜାଲରେ ଚଢ଼େଇ ଲାଗିଛି ।	Bindirem jarjalire oye ṭoḱ akana.
ତୋ ପାଖରେ କେତେ ବଳିଲା ।	Am taḱre chimin sareḱeana.
ଟଙ୍କା ବିନିମୟରେ ଧାନ ଦେଲା ।	Ṭaka bodolote babae emaiḱêa.
ଲଙ୍କା ବିକ୍ରୟ ପାଇଁ ହାଟକୁ ଯାଇଥିଲି ।	Marochi akariṅ lagit́ haṭoń senlena.
ବଜାର ଯାଏ ।	Apasipaṛa senoḱa.
ବହିନା କରିନାହିଁ ।	Auriń akariṅ unkuṛuya.
ବଣିକମାନେ ବିଦେଶକୁ ବେପାର କରିବାକୁ ଯା’ନ୍ତି ।	Labadiko eṭaḱ disum kiriṅ akariṅ teko senoḱa.
ଦୋକାନର ବିକ୍ରେତାମାନେ ଦୋକାନରେ ଥାଆନ୍ତି ।	Dōkanre akariṅnić menaḱia.
ବିଶ୍ରାମଗାରରେ ଲୋକଟି ବିଶ୍ରାମ ନେଉଛି ।	Jirausemre Hoo jiraun tana.
ଛୁଆମାନେ ବାଲିରେ ଖେଳୁଛନ୍ତି ।	Honko gitilreko inun tana.
ବିରୁଡ଼ି ଫୋଡ଼ିଲେ ବହୁତ ବ୍ୟଥା ହୁଏ ।	Surpaṅ tuudo esu hasue.
ବିଜୁଳି ମାରିଲା ।	Hichir ket́aḱe.
ଆମେ ସବୁ ବାୟୁ ମଣ୍ଡଳରେ ରହୁ ।	Abu soben hoyopiṛire menaḱ bue.
ହାଣ୍ଡିରୁ ଗରମ ବାଂଫ ବାହାରିଲା ।	Chaṭuite lol umbee ol yana.
ସପ୍ତାହରେ ସାତଟି ବାର ଥାଏ ।	Mihaṭore ia har senoḱa.
ମଙ୍ଗଳବାର ପରେ ବୁଧବାର ଆସେ ।	Munguṛuhar chanaṕ buduhar hućoḱe.
ବର୍ତ୍ତମାନ କାହିଁ ଯିବୁ ।	Naḱãokonam senoḱa.
ବର୍ତ୍ତମାନ ସମୟ ହେଲା ।	Naḱauṛi hoba yana.
ବର୍ଷା ଆସୁଛି ।	Gama hujoḱu  tana.
ଏକ ବର୍ଷ ହୋଇଛି ।	Mit́ sirma hoba akana.
ବାଦାମ୍ ତେଲ ।	Badam sunum.
ଆକାଶ ବାଇଗଣୀ ଦେଖାଯାଉଛି ।	Rimil līl araḱtan neloḱ tana.
ସୂର୍ଯ୍ୟ ଅସ୍ତ ସମୟରେ ଆକାଶ ବାଦାମୀ ଦେଖାଯାଏ ।	Singi hasur dipilaṅre rimil sasaṅ gadet́ neloḱa.
ବହି ପଢ଼ ।	Kiteṕ paṛaw me.
ହସ ଖେଳ ବହି ତାଲିକାରେ ଅଛି ।	Landainuṅ numulekare menaḱa.
କେଉଁ ବିଦ୍ୟାଳୟରେ ପାଠ ପଢ଼ୁଛୁ ।	Okon monḍo rem paṛaw tana.
ବନ୍ଦୀଶାଳାରେ ଅଛନ୍ତି ।	Paṭuioṛaḱre menaḱ ie.
କ’ଣ ବ୍ୟବସାୟ କରିବୁ ?	Chenaḱ labadi iem ?
ଲୁଗା ବ୍ୟବସାୟୀ ।	Lijaḱ labadie.
ଆଳୁ ବଜାର ଦର କେତେ ?	Alu bajargonoṅ chilike ?
ଏହି ଲୁଗାର ବିକ୍ରୟ ମୂଲ୍ୟ କେତେ ?	Nen lījaḱ  reaḱ akariṅ gonoṅ chilike ?
ବାର୍ସି ଧର ।	Hasi sabem.
ବଟାଳି ଆଣ ।	Ruke aguême.
ବାରୁଦ / ବାଣ ଫୁଟିଲା ।	Bardu puṭa yanaḱ.
ବର୍ଚ୍ଛାରେ ଭୂସି ଦେଲେ ।	Bursi teko soboḱ kieḱ.
ବାଣ୍ଟି ଦିଅ ।	Haṭiṅe ben.
ଭାଇ ଆସ ।	Dada hućoḱume.
ଆରେ ତୁମ ମୁହଁରେ ଭାତୁଡ଼ି ।	Mochare jone akanam.
ଭଉଣୀ ସ୍କୁଲକୁ ଗଲା ।	Misikui monḍotee senoḱ yana.
ଭାଉଜ ଆମ୍ବ ଖାଉଛନ୍ତି ।	Hili jomtana ulli.
ଭାଣିଜୀକୁ ବାହା ଦେଲେ ।	Geń kui ãndi kieḱko.
ଭଣଜା ଚେନ୍ନାଇ ଗଲା ।	Gekoa chenaĩ senoḱ yana.
ଲବ, କୁଶ ଦୁହେଁ, ଭାୟା ବା ଜ୍ଞାତି ଅଟନ୍ତି ।	Loṕ,, kuso kin hageaḱ talaren kin.
ଭଦ୍ରଲୋକ ଆସିବେ ।	Suruyem ho’ko hućoḱe.
ଭିଣୋଇ ଠିଆ ହୋଇଛନ୍ତି ।	Tenjaṅ tinguekene.
ଭକ୍ତଟି ଡ଼ରୁଛି ।	Bogota boroye tanaḱ.
ଭାରୁଆ ଭାର ବୋହିଛି ।	Go goḱ taniḱ gooḱ tana.
ଭଣ୍ଡାରି ମୁଣ୍ଡ ବାଳ କାଟିଛି ।	Baranḍi boo୍ḱ balee racham tana.
ଭିକ୍ଷା ଦିଅ ।	Koyeemai peḱ.
ଭଗବାନଙ୍କ ପ୍ରତି ସମସ୍ତଙ୍କ ଭକ୍ତି ଅଛି ।	Siṅbonga taḱre sobenokoa iem menaḱa.
ଭୋଜନାଳୟ ସଫା ଅଛି ।	Jomnuṅ Oaḱ sapamenaḱa.
ଭଣ୍ଡାର ଘରେ ତାଲା ଦିଆଯାଇଛି ।	Ginisi jogaō Oaḱ kulpuḱe kene.
ଆଳୁ ଭଜା ।	Alu hunḍa isin.
ଭାତ ଖାଅ ।	Manḍi jomem.
ଭୋଜି ଦେଲା ।	Jomonũ emat́ koa.
ଭେଣ୍ଡି ତରକାରୀ ।	Minḍasinge utu.
ଭାଲୁ କାନ୍ଦୁଛି ।	Balu raaḱtanaḱ.
ଭୁଆମାନେ ଜଙ୍ଗଲରେ ରହନ୍ତି ।	Togokodo burureko taena.
ଭରତିଆ ଉଡ଼ିଗଲା ।	Ṭoyã apir yana.
ଭବିଷ୍ୟତରେ ଦରକାର ହେବ ।	Chuile musiṅ gorojo hobana.
ଭଅଁର ଉଡ଼ିଗଲା ।	Bah uru apir yana.
ମଧ୍ୟମା ଆଙ୍ଗୁଳି ।	Tala ganḍa.
ମାଆ ନରସ୍କାର ।	Joar ge ma’/enga.
ମାମୁଁଙ୍କୁ ଡ଼ାକ ।	Kuma keaim.
ମାଇଁଙ୍କ ଦେହ ଖରାପ ।	Hatom hasu tana.
ମଜୁରିଆ ମଜୁରୀକାମ କରୁଛି ।	Nalaḱtanić nala tana.
ମନ୍ତ୍ରୀ ଦୁଆରେ ଠିଆ ହୋଇଛନ୍ତି ।	Montrī duarreḱe tinguekene.
ମରହଟିଆ ଲୋକମାନେ ମାଂସ ପଢୁଆକରି ଖାଉଥିଲେ ।	Erenga hōko biluko patateko laṛkeheḱteko jomkina.
ମହନ୍ତ ହାତୀ ପିଠିରେ ବସିଛି ।	Hatībala hatī chitanre dubekana.
ମଦ ପିଇ ମାତଲ୍ ହେଉଛି ।	Arki nutem buloḱ tana.
ଓକିଲଙ୍କ ପାଖରେ ଜଣେ ଜଣେ ମୁକ୍ତିଆର ଥାନ୍ତି ।	Ōkilko taaḱre ololorka miṛoo taene.
ମୁର୍ଖ ମୂଷା ବିଲେଇ ସାମ୍ନାରେ ବୁଲୁଛି ।	Muruku kaṭea bilee ayarore nirbae tanaḱ.
ମାଲିକ ଭାର ବୋହିଛନ୍ତି ।	Gusiã barić gooḱaḱ kaṛa.
ମାଜିଷ୍ଟ୍ରେଟ୍ ବାରିପଦାରେ ଅଛନ୍ତି ।	Bicher gusiṅẽ baripodare minaie.
ମୋଚି ଚମଡ଼ା କାଟୁଛି ।	Muchi ũureć get́tanaḱ.
ମହାଜନ କୁସୁମ୍ ମଞ୍ଜି କିଣୁଛି ।	Labadī baruui kiriṅ tana.
ମାଳି ଫୁଲ ତୋଳୁଛି ।	Bagania baha got́ tana.
ମିଛ କହି ମଲା ।	Chakat́ kajitee୍ goe୍ yanaḱ.
ସଡ଼କ ବାଟରେ ମଠ ଅଛି ।	Soṛopo horare churui menaḱa.
ମନ୍ଦିର ନିର୍ମାଣ ପାଇଁ ଟଙ୍କା ଦରକାର ।	Monḍoko bailagit́ ṭaka dorokar.
ଏତେ ବଡ ବିପଦରୁ ମୁକ୍ତି ପାଇଲା ।	Imin maraṅ dukugeraṅeteć duḱu yana.
ମଦ ଦୋକାନ୍ରେ ମଦ ମିଳେ ।	Arki dokanre arki namoa.
ବର୍ଷାରେ ମାଟିଘର ଧ୍ୱଂସ ପାଇଗଲା ।	Gamaḱte haḱsakãto Oaḱ handiiana.
ମଞ୍ଚାସୀନ୍ ସମସ୍ତ ଅଥିତି ବୃନ୍ଦ ।	Machaṛiperen sanam dilikupuloko.
ମଦଭାଟିରେ ମାଡ଼ ଗଣ୍ଡଗୋଳ ଚାଲିଛି ।	Arki gudem rekoḱ tapamtanaḱ.
ମସିଣା ବିଛାଅ ।	Jintu jaṭi bileme.
ମଶାରୀ ବାନ୍ଧ ।	Sikĩ iḱjalom toleme.
ମାଠିଆରେ ହାଣ୍ଡିଆ ଢାଳ ।	Maṭie te ṛiẽ tilem.
ମଣ୍ଡା ପିଠା ଭାରି ମିଠା ।	Tikilat́ esu nogot́a.
ମହୁ ପୂଜା କାମରେ ଲାଗେ ।	Dumur rasiko bongaêa.
ମାଛ ପାଣିରେ ରୁହେ ।	Hai daḱare taene.
କୁକୁଡ଼ା ମାଂସ ।	Sim jilu.
ପିଲାମାନେ ମିଠା ଖାଇଲେ ।	Malpa imin sibil.
ମାଣ୍ଡିଆ କୋପ୍ତା ଖାଉଛୁ ।	Gunduli putem jom tana.
ମକା ଚାଷ ।	Gangai chaso.
ମସୁର ଡାଲି ।	Masuri ṛaali.
ମୁଗ ଚାଷ କର ।	Mugi herem.
ଏତେ ପରିମାଣରେ ମୂଳା ଚାଷ ।	Imin pureć mūle sitier.
କଦଳୀ ମଂଜା ।	Kadal manja.
ଗାଡ଼ି ମଟର ନାହିଁ ବାସନ୍ତି ।	Gaṛi moṭor banoã basonti.
ମଲ୍ଲୀଫୁଲ ବହୁତ ବାସନା ।	Mali baaḱ esu soṛana.
ତରକାରୀରେ ମସଲା ମିଶାଅ ।	Uture masala misee me.
ମେଥି ମହମହ ବାସୁଛି ।	Miti mutut soṛan tana.
ରାଜା ମୁକୁଟ ପିନ୍ଧିଛନ୍ତି ।	Raja ṭupiḱe kana.
ମଥାରେ ମଥାମଣୀ ଅଛି ।	Bohḱre samaṅ singer menaḱa.
ହାତ ଆଙ୍ଗୁଠିରେ ମୁଦି ଅଛି ।	Pola tii ganḍare minaḱa.
ଏବେ ମୁଣ୍ଡକଣ୍ଟା ବଜାରରେ ମିଳୁନାହିଁ ।	Nimir suba kirinte ka namow tanaḱ.
ଫୁଲ ମାଳ ଛିଣ୍ଡିଗଲା ।	Bah hisir sit́ yana.
ମଇଁଷି ହଜିଛି ।	Keṛa aṛakana.
ଖଣ୍ଡଗିରିରେ ମାଙ୍କଡ଼ ଅଧିକ ।	Khonḍogirire saraḱko lali gêa.
ହରିଣ ପାହାଡ଼, ପର୍ବତରେ ରୁହେ ।	Puste bir burureć taene.
ମେଣ୍ଢା ମୁଣ୍ଡ ବଡ଼ ଟାଣ ।	Minḍi bowoḱ esu keṛeḱêa.
ମେଣ୍ଢି ଚରୁଛି ।	Enga minḍi atiṅ tana.
ମେଣ୍ଢାଛୁଆ କ୍ଷୀର ପିଉଛି ।	Minḍihon nunu tana.
କଳାମେଘ ଦେଖି ମୟୂର ନାଚେ ।	Hene୍do rimilnelte maraḱ susune.
ମୟୂରୀ ପାଣି ପିଉଛି ।	Enga maraḱ daḱ nũ  tana.
ଦାସାଏଁ ନାଚରେ ମୟୂର ପୁଚ୍ଛରେ ଘଣ୍ଟା ବାଦନ ହୁଏ ।	Dasaẽko maraḱ pincholore ganṭa ḍunge keeteko dasayã.
ମାଛରଙ୍କା ପକ୍ଷୀ ମାଛ ଖାଏ ।	Kikir hakukoḱe joma.
ମଶା କାମୁଡ଼ିଲେ ଜ୍ୱର ହୁଏ ।	Sikiĩ huḱere hasue.
ଏ ଗଛରେ ମହୁମାଛି ଅଛନ୍ତି ।	Nen darure dumurko menaḱ koa.
ମାଛର ମାଛକାତି ସଫା କର ।	Hai reaḱ harãat́ sapaeme.
ଏବେ ମାଛ ବିହନ ଗାଁ ଗାଁ ବୁଲି ବିକୁଛନ୍ତି ।	Nimir hai hite hatuhatuko aguko tana.
ନଦୀ ମୁହାଣରେ ମନ୍ଦିର ଅଛି ।	Gaṛa samanaṅre monḍoko menaḱa.
ପ୍ରଶାନ୍ତ ମହାସାଗର ।	Prosanto agom dorêa.
କଳା ମେଘ ।	Hene୍doḱ rimil gama.
ତୋର ମଙ୍ଗଳ ହେଉ ।	Amaḱ ganen hobao cha.
ଆସନ୍ତୁ ମଧ୍ୟାହ୍ନ ଭୋଜନ ଖାଇବା ।	Singi tikin yene, elabu jomeã.
ମଧ୍ୟରାତ୍ରିରେ କିଏ ?	Tala nidere okoye ?
ଏ ମୁହୂର୍ତ୍ତରେ ଚାଲିଯାଅ ।	Naãge senoḱme.
ବର୍ଷକୁ ବାର ମାସ ।	Miḱ sirmere gelobar Chanḍuḱ.
ମାର୍ଗଶିର ମାସରେ ବହୁତ ଶୀତ ।	Mage Chanḍuḱesu rabaṅ.
ମାଘ ମାସରେ ବାଆ ପରବ ।	Sene୍dora Chanḍuḱre Bah poroṕ,.
ତିନି ବର୍ଷରେ ଥରେ ମଳମାସ ଆସେ ।	Apee sirmere mise gorgoṇit́re lanawa Chanḍuḱ hućoḱe.
କିରୋସିନ୍ ତେଲ ମପା ଯାଇଛି ।	Hasasunu୍m jokawoḱ tana.
ମଟକା ମାଧ୍ୟମିକ ବିଦ୍ୟାଳୟରେ ପାଠ ପଢ଼େ ।	Moṭoka talamonḍore paṛaw tana.
ସଭା ମୁଲତବି ରଖାଗଲା ।	Dunuṕ bonndo/ hoka yana.
ସରପଞ୍ଚଙ୍କ ନାମରେ ମାନହାନି ମକଦ୍ଦମା ରୁଜୁ କରାଗଲା ।	Soroponchoaḱ nritumote giyuḱiyuḱ kesko kes kie.
ମୂଳଧନ ଅଛି ।	Muuṛu hiteć menaḱa.
ଦୋକାନରେ ମନୋହାରୀ ଜିନିଷ ଅଛି ।	Dōkanre kilimili ginisi menaḱa.
ହାଟରେ ମାସୁଲ ମାଗୁଛନ୍ତି ।	Haaṭore masulko asie.
ଦୋକାନ୍ରେ ମୂଲ୍ୟ ତାଲିକା ଟଙ୍ଗା ଯାଇଛି ।	Dokanre gonoṅpaṛa hakahakana.
ମଜୁରୀ ଦିଅ ।	Nala emanjpe.
ମାଙ୍କଡ଼ ଗଛରେ ବସିଛି ।	Engasaraḱ darure dubekene.
ଏ ଦୁହେଁ ଯାଆଁଳା ଛୁଆ ।	Nikin jaōṇã honkin.
ଲବ ଓ କୁଶ ଦୁହେଁ ଯାଆଁଳା ଭାଇ ।	Loṕ,onḍoḱ kuso tikindo jaōṇã hagêa.
ଯୁଗ ଯୁଗ କେତେ ଯୁଗ ।	Juugu juugu chimin juugu.
ରଜାଙ୍କର ପ୍ରଜା ଆବଶ୍ୟକ ।	Raja loḱte projako goroja.
ରାଜା ଦଶରଥଙ୍କ ବଡ଼ ପୁଅ ରାମଚନ୍ଦ୍ର ।	Raja dosorothoaḱ maraṅhon ramochondr.
ରାଜା ଦଶରଥଙ୍କ ଗୋଟିଏ ରାଜଜେମା ଥିଲେ ।	Raja dosorothoaḱ moyat́ honokui tai kena.
ରାଜମିସ୍ତ୍ରୀ ପଥର ଯୋଡ଼ିଛି ।	Pakabai mistiri diri joṛai.
ରାକ୍ଷସର ପେଟ ବଡ଼ ।	Ragoso bagosoḱ laiḱ tiêa.
ରାଣୀ ଏତେ ସୁନ୍ଦରୀ ।	Raṇī/ranī nimin sundor.
ବେଲିକି ରୁଟି ତିଆରି କରନ୍ତି ।	Riṛkate rit́lat́ ko baia.
ରସୁଣ ଖାଇଲେ ଖୁସି ଲାଗେ ।	Rasuĩ jom raãsa gêa.
ରେଶମ ପୋକ ମୂଲ୍ୟବାନ ।	Tu tu lugem esu gonoṅ.
ରାଜହଂସୀର ଚାଲି ଅଳସୀ ।	Hãsil koṛo jakajuku seneaḱ.
ରଣା ଏକ ବିଷାକ୍ତ ସାପ ।	Sakombinjo bisiyene.
ଆମ ରାଜ୍ୟ ଓଡ଼ିଶା ।	Abuḱe raij ōṛisa.
ରୋହି ମାଛ ବହୁତ ମିଠା ଲାଗେ ।	Rui haku esu nogot́a.
ଶନିବାର ପରେ ରବିବାର ଆସେ ।	Sonihar chanaṕ ruihar hućoḱe.
ବର୍ଷକ ଛଅ ଋତୁ ଅଟେ	Borosore turuye omol menaḱa.
କାଗଜର ରଙ୍ଗ ଧଳା ।	Kagoćoḱa roṅ punḍi.
ରାଶି ଚାଷ ଲାଭଜନକ ।	Ramtia chasore laaṕ,menaḱa.
ବାରିପଦାରୁ ଟସର ଲୁଗା ରପ୍ତାନୀ କରାଯାଉଛି ।	Baripodaeḱte lugem lijeḱe ko chanale tanaḱ.
ବେକରେ ରୂପା ହାର ।	Hoṭooḱre rūpe hisir.
ରସିରେ ଛେଳିକୁ ବାନ୍ଧ ।	Bayarte merom toliime.
ଜିଲାପି ଦେଖି ଲାଳ ଗଡ଼ିଲା ।	Rasilat́ nelote ulidaḱ joro yana.
ଲଙ୍ଗଳରେ ହଳ କରନ୍ତି ।	Nailoteko siyue.
ଲଫାପାରେ ଚିଠି ପଠାନ୍ତି ।	Kagojo poṛomte nikulko kulêa.
ଲୁହା ଗେଟ୍ ।	Meẽt́ aṅ ka duar.
ଲେଖକ ଲେଖୁଛନ୍ତି ।	Otol ol tana.
ଖରାଦିନେ ସୂତାଲୁଗା ବ୍ୟବହାର କରିବା ଭଲ ।	Jeṭedin sutem lijeć tolere bugina.
ଲାଭ ଟଙ୍କା ।	Lapa ṭaka.
ଲେଉଟିଆ ଶାଗ ଭଜା ବହୁତ ମିଠା ।	Leper aḱa utu esu nogot́.
ଲଙ୍କା ବହୁତ ରାଗ ।	Marchi esu haaḱṛa.
ଲିଚୁ ବହୁତ ମିଠା ।	Jome kanḍeore esu nogoṛo.
ଅତିଚିପୁଡ଼ିଲେ ଲେମ୍ବୁ ପିତା ।	Limbu t́puree chipere meera.
ଗୋବିନ୍ଦ, ପଡ଼ିଆ ଜମିରେ ଲଙ୍କା ଆମ୍ବ ଚାଷ କରିଛନ୍ତି ।	Gōbindo paṛie guṛaḱre bilati sosoe roa tat́a..
ଲୁଣ ଖାଏ ହାଣ୍ଡି ।	Buluṅ jomochōṭu.
ଲୁଣୀମାଛ ତରକାରୀ ।	Buluṅhai utu esu sibila.
ଶାଶୁଦେହ ଖରାପ ।	Hanar taṛi hasu tana.
ଶ୍ୱଶୁର ବହୁତ ଭଲ ।	Hoyãr esukin bugina.
ଶଳା ଭାରୀ ଦୁଷ୍ଟ ।	Buṛikoa pagala geaḱ.
ଶିକାରୀ ଶିକାର କରୁଛି ।	Sangar niiḱ sangar tana.
ଶିକ୍ଷକ ଶିକ୍ଷାଦାନ କରୁଛନ୍ତି ।	Guru honkoḱe paṛawoḱ tana.
ଶିଷ୍ୟ ଗୁରୁଙ୍କୁ ପ୍ରଣାମ କରୁଛି ।	Chela guruḱi joara tana.
ଶୁଣ୍ଢି ମଦ ତିଆରି କରୁଛି ।	Arkibala, arokiṅibai tana.
ନାକରୁ ସିଂଘାଣୀ ବାହାରୁଛି ।	Muṭeyete sului joro tana.
ଶିଶୁ କାନ୍ଦୁଛି ।	Huṛiṅhon/ siṭie raaḱ tana.
ରାମ ଦେହ ସୁସ୍ଥ ଅଛି ।	Ram bugin homoõ menaḱêa.
ସୁନ୍ଦର ଝିଅ ।	Sugaṛi kuihon.
ଡୁଗା ମୋ ସମ୍ପର୍କୀୟ ଭାଇ ।	Ḍuga sugaṛo upurum hagań.
ରୀନା ସାବତ ଝିଅ ।	Rina asul nam kui.
ଦୁଇଟି ସନ୍ତାନ ।	Bariye hon.
ସଉତୁଣୀ ଆଣିବା ।	Hirom aderia.
ଏ ମୋ ସ୍ୱାମୀ ।	Nii anjaḱ herel.
ବାସନ୍ତି ମୋ ସ୍ତ୍ରୀ ।	Basonti anjaḱ era.
ରାମର ସାଙ୍ଗ ରାଜୁ ।	Ramoaḱ juṛi raju.
ଶିକାର ଗଲେ ସହବାସୀ ହୋଇ ଜଙ୍ଗଲରେ ରହିବେ ।	Basan sangar burure susem juṛiko taene.
ସେବକ ସେବା କରୁଛି ।	Denganii denga tana.
ଏ କାମର ସର୍ଦ୍ଦାର ରମେଶ ।	Nen paiṭi huda gusiã romeso.
ଗୌତମ ବୁଦ୍ଧ ସନ୍ୟାସୀ ଥିଲେ ।	Gaotom buddho biret́ hōe taikina.
ଏହି ସମାଧି ରାମର ।	Nen diri sasan ramoaḱ.
ସମାଧିସ୍ଥଳକୁ ଯାଇଥିଲା ।	Sasan taḱae sen lena.
ସ୍ୱର୍ଗକୁ ନିଶୁଣୀ ନାହିଁ ।	Sorogotedoḱ siṇi banoaḱ.
ସୁଖ, ଦୁଃଖ ଏ ଦୁନିଆଁ ।	Suku, duku nen duniã.
ଦେହୁରୀ ଶାଳଗ୍ରାମରେ ପୂଜା କରୁଛି ।	Diuri bonga saaṛere bonga tana.
ସିନେମା ଘରେ ସିନେମା ଚାଲିଛି ।	Sinemaḱ ohwaḱre sinema chaluye kene.
ଶିଳା ପଥରରେ ହଳଦୀ ବାଟ ।	Sasaṅrit́dirire sasaṅriḍeme.
ସାବୁନ ଆଣ ।	Sabon aguêm.
ସିକା ଛିଣ୍ଡି ଗଲା ।	Sikuyer sit́ yana.
କେମିତି ତରକାରୀ ସ୍ୱାଦହୀନ ?	Chilikete୍ utu sabaḱ a ?
ମାଂସ ତରକାରୀ ସୁସ୍ୱାଦୁ ।	Jilu utu esusibila.
ଶାଗ କିଣ ।	Aḱa kirinjeme.
ସୋରିଷ ଶାଗ ।	Mani aḱ.
ଶିମ୍ବ ଏକ ଫଳ ।	Siṛimi miḍoḱ joo.
ସ୍ଥଳ ପଦ୍ମଫୁଲ ବହୁତ ସୁନ୍ଦର ଦେଖାଯାଏ ।	Ote  tat́a.e baaesu sugaṛo neloḱa.
ସୂର୍ଯ୍ୟମୁଖୀ ଫୁଲ ସୁନ୍ଦର ଦେଖାଯାଉଛି ।	ChanḍuḱBah nimin bugin nelowoḱ tana.
ସଜନା ଶାଗ ।	Mulge aḱ.
ଶାଳ ଗଛ ।	Sarojom daru.
ଶୁଣ୍ଠିର ଔଷଧୀୟ ଗୁଣ ଅଛି ।	Rooōda reeṛana.
ସୂତା ଛିଣ୍ଡିଲା ।	Sutem sit́ yana.
ଏ ଶାଢ଼ୀ କାହାର ।	Nen saṛi okoaḱ.
ଏତେବଡ଼ ସମ୍ବର ।	Nimin maraṅ saram.
ସିଂହ ଗର୍ଜିଲା ।	Joṭokule garjaō ket́aḱ.
ଷଣ୍ଢ ଧାନ ଖାଇଲା ।	Senḍo babae jomkiṛa.
ସାପହୁଂକା ଦେଖାଯାଉଛି ।	Binjo unḍu nelowoḱ tana.
ସାଧବ ବୋହୂ ଧିରେ ଧିରେ ଚାଲିଛି ।	Sindurī uru sue suete senoḱ tana.
ସମୁଦ୍ର ଶାମୁକା ।	Dorea gincheḱe୍.
ଶଂଖ ବାଜୁଛି ।	Sakoã saṛi tana.
ସମୁଦ୍ର କୂଳ ।	Doria kuṭi.
ମହାନଦୀରୁ କାଠଯୋଡ଼ି ଶାଖା ନଦୀ ବାହାରିଛି ।	Mohanodī ete huṛiṅ kaṭhojōṛi gaṛa ohol akana.
ଆମେ ସମସ୍ତେ ସ୍ଥଳରେ ବାସ କରୁ ।	Abu soben otere menaḱbue.
ସହରକୁ ରାସ୍ତା ନାହିଁ ।	Jaẽlate hora banoã.
ପ୍ରଖର ସୂର୍ଯ୍ୟକିରଣ ।	Esu keṛee singiturotuṅ.
ସକାଳବେଳା ସୂର୍ଯେ୍ୟାଦୟ ହେଲା ।	Setaḱ singi tur yana.
ସୂର୍ଯ୍ୟ ଅସ୍ତ ହେଲେ ।	Singi hasur yana.
ରବିବାର ପରେ ସୋମବାର ଆସେ ।	Ruihar chanaṕ,sumīhar hućoḱe.
ଖାଇବା ସମୟ ହେଲାଣି ।	Jome uṛi hoba yana.
ସକାଳେ ଆସ ।	Setaḱre hućoḱme.
ସନ୍ଧ୍ୟାବେଳେ ଆସ ।	Ayuṕ paṅ, hućoḱume.
ସାତ ଦିନରେ ସପ୍ତାହ ହୁଏ ।	Iaharre mihaaṭo hobanta’na.
ଶ୍ରାବଣ ମାସ ପରେ ଭାଦ୍ରବ ମାସ ଆସେ ।	A chaṛa Chanḍuḱ chanaṕ aten Chanḍuḱ hobana.
ଏତେ ଶୀତ ଲାଗୁଛି ।	Imin rabaṅ tana.
ଶହେ ଟଙ୍କା କିଏ ଚୋରି କଲା ।	Mit́ḱsoho ṭaka looṭo okoye kumbuukiṛa.
ଶିକ୍ଷୟିତ୍ରୀ ଛାତ୍ରଛାତ୍ରୀଙ୍କୁ ଶିକ୍ଷାଦାନ କରୁଛନ୍ତି ।	Gurmī paṭuekoḱe paṛaokotanaḱ.
କେଉଁ ଶ୍ରେଣୀରେ ପଢ଼ୁଛି ।	Okon barare paṛawoḱ tana.
ବିଦ୍ୟାଳୟରେ ଶିକ୍ଷା ଦିଆଯାଏ ।	Monḍore papadiroko etoko tana.
ଶିକ୍ଷକ ଶିକ୍ଷାଦାନ କରୁଛନ୍ତି ।	Guru oletoko tanae.
ସାକ୍ଷୀ ରହିଲା ଶଙ୍ଖା ଶାଢ଼ୀ ।	Saki taiyene sakom saṛī.
କେତେ ସୁଧ ?	Suudu chimin ?
ସୁନା ଚୁଡ଼ି ।	Sona sakom.
ସେ ଗଲା ।	Aḱe senoḱ yana.
ସେମାନେ ଗଲେ ।	Inko senoḱ yana.
ସେମାନଙ୍କୁ ଭାତ ଦିଅ ।	Inku kō manḍi emakope.
ସେମାନଙ୍କର ବିଲବାଡ଼ି ।	Inkoāḱ otehasaḱ.
ସେହି ଗାଁ ।	En hatu.
ସେ ସବୁ ଗାଁ ।	Enhatuko.
ସେଗୁଡ଼ିକ ତୁମର ।	Hana koge apeaḱ.
ସେ ନିଜେ ଚୋର ।	Aḱ ege kumbu u.
ସ୍କୁଲ ବିଷୟରେ ଲେଖ ।	Monḍo bisoyore oleme.
ଆଜି ସବୁଆଡ଼େ ବର୍ଷା ।	Tisiṅ sabimuli gama.
ହାତରେ ଧର ।	Tiite sabime.
ହାଡ଼ ଭାଙ୍ଗିଗଲା ।	Jaṅ rapuṛe yana.
ହାଣ୍ଡିପାଣି ଥଣ୍ଡା ।	Chaṭudaḱ sasaaḱ.
ହାତୁଡ଼ିରେ କଣ୍ଟା ପିଟ ।	Koṭasite kanṭi kilumem.
ସାମ୍ନାରେ ହେଁସ ଟଙ୍ଗା ଯାଇଛି ।	Duher samanaṅre jaṭipaṭi hakawakana.
ସିଝାଭାତ ଥଣ୍ଡାକରି ଔଷଧ ଦେଇ ହାଣ୍ଡିରେ ରଖିଲେ ତିନିଦିନ ପରେ ହାଣ୍ଡିଆ ହୁଏ ।	RaAć manḍi rae ranu keete, chaṭure akit́
ହରଡ଼ ଡ଼ାଲି ।	Reaṛi ṛaali.
ତରକାରୀରେ ହଳଦୀ ଦିଅ ।	Uture sasaṅẽm.
ଝିଅଟିର ବେକରେ ହାର ଅଛି ।	Hapanum hoṭoḱ re hisir.
ହାତୀ ଧାନ ଖାଉଛି ।	Hati baba jom‌tanaḱ.
ହଂସ ଛୁଆକୁ କୁକୁର ବୋହିଲା ।	Koṛohon seta goḱ kiḱe.
ହଳଦୀ ବସନ୍ତ ଉଡ଼ିଗଲେ ।	Bochoḱ cheṇe apir yana.
ହୁଙ୍କାରେ ଉଇ ଅଛନ୍ତି ।	Bunumre nidirko minaḱkuaḱ.
ହେମନ୍ତ ଋତୁରେ ଧାନ କଟାଯାଏ ।	Sarordi Chanḍuḱre babako irêa.
ଭାଉଜ ହଳଦିଆ ଶାଢ଼ୀ ପିନ୍ଧିଛନ୍ତି ।	Hili sasaṅsaṛii tolakaṛa.
ଚୋରକୁ ହାଜତ୍ ନେଲେ ।	Kumbuu satar kieḱ.
ଲୋକ ମାରିଥିବା ଲୋକକୁ ପୋଲିସ୍ ହାତକଡ଼ି କଲା ।	Tam goe୍ken Hoo pōlisko tii sikiṛi kie୍koḱ.
ଆକାଶକୁ ଦେଖ ।	Sirmarimil neleme.
ଛି ଛି ପିଲାଟି କେତେ ଅପରିସ୍କାର ଦେଖାଯାଉଛି ।	Chi chi Hon chimin ojorAć neloḱ tana.
ହେ ଈଶ୍ୱର ତୁମେ ହିଁ ସୃଷ୍ଟିକର୍ତ୍ତା ।	He warandaṛe amge sirjon kiniḱ.
ମୋ ରାଣ ତମେ ଆସିବ ।	Anjo baṛsaraḱ tana am hućoḱem.
ପରୀକ୍ଷାରେ ତୁମେ ଠିକ୍ କରିଛ ।	Biṛaure am bugi tat́a.m/baṇia taṛom.
ବାପା ତାଙ୍କ ବନ୍ଧୁଙ୍କୁ ବିଦାୟ ଦେଲେ ।	Apu/apuṅ aćaḱ balakeć hanḍor kiḱe.
ଆଶ୍ଚର୍ଯ୍ୟ ଏ ଲୋକଟା ।	Esuṭaṭaka hō.
ନମସ୍ତେ ବନ୍ଧୁ ।	Joaroge balań.
ପିଲାଟି ଚମତ୍କାର କାର୍ଯ୍ୟ କଲା ।	Siṭie agujai paiṭikiṛa.
ବଗି ଚାରେ ସୁନ୍ଦର ଫୁଲଟି ଫୁଟିଛି ।	Baganrebugin Bah phuṭawakana.
ଲୋକଟି ଯନ୍ତ୍ରଣା ଭୋଗୁଛି ।	Hoo hasu akana.
ମୁର୍ଖ ଲୋକଟି ଠକାମିରେ ପଡ଼ିଛି ।	Situru Hoo chakaṛ akana.
ଲଜ୍ଜା ନିବାରଣ ପାଇଁ ଲୁଗା ଆବଶ୍ୟକ ।	Giyuḱu eset́ laget́ Lijaḱ gorjomenaḱa.
କାର୍ଯ୍ୟରେ ଲୋକେ ତଥାସ୍ତୁ କହିଲେ ।	Paiṭi hobawoḱcha mente hōko kajikiṛa.
ଆଜି ଶୁଭ ରାତ୍ରି ।	Tisiṅ sagun nida.
ଗୋଟିଏ କାର୍ଯ୍ୟ ସାଙ୍ଗକୁ ଅନ୍ୟଟି ହେଉଥିଲେ ତା’ବି ହେଉ ।	Miṛoo paiṭi loḱte eṭaḱ paiṭi hobawoḱ tanredo enaw hobaw cha.
ମୋ ସାଥିରେ ଆସିଛି ।	Ań looḱteć hućoḱ akana.
ଭୟରେ ସେ ପଳାଇଲା ।	Borote Ać senoḱ yana.
ବହି ପଢ଼ିବା ନିମିତ୍ତ ଉଦ୍ଦିଷ୍ଟ ।	Puti paṛaw natet́ menaḱa.
ଲୋକଟିର ଖାତିରି ନାହିଁ ।	Hoowaḱ kesom banoḱa.
ମୋ ସମ୍ମୁଖରେ ସେ ଠିଆ ହୋଇଛି ।	Anjaḱ ayar samanaṅre Ać tingu akana.
ମୋ ତରଫରୁ ବହିଟି ନିଅ ।	Ań paaete puti iṛem.
ଖୁବ ନିକଟରେ ସେ ଆସି ପହଞ୍ଚିଲା ।	Esujapaḱre Ać hućoḱ beṭa lena.
ଚଢ଼େଇଟି ଉଚ୍ଚରେ ଉଡୁଅଛି ।	Cheṇe netanreć apiren tana.
କହିବା ଅନୁଯାୟୀ ସେ ଆସିଲା ।	Kaji’i lekate Ać hućoḱ yana.
ଦୁଇଜଣ ଅନୁସନ୍ଧାନରେ ଆସିଛନ୍ତି ।	Baro’o hit́namte hućoḱ akana.
ସେ ମୋ ବ୍ୟତୀତ କିଛି କରିପାରିବ ନାହିଁ ।	Ać ań begar chikanaḱw kać dayiaḱ.
ତୁମେ ଆସିବ କିମ୍ବା / ଅଥବା ସେ ଆସିବେ ।	Aben hućoḱe banteredo akiṅ.
ମନାକଲି ତଥାପି ସେ ଆସିଲା ।	Manaket́ićanjo enreo Ać hućoḱ yana.
ସେଭଳି କାର୍ଯ୍ୟକର ।	Enleka paiṭi me.
ମୁଁ ଆସିବି କିମ୍ବା ସେ ଆସିବେ ।	Ań hućoḱe kaaredo Ać hućoḱeḱ.
ଯାହା ହେଉ ଆଜି ତୁମେ ଆସିଛ ।	Ja’reo tisiṅ aben hućoḱe kana.
ଏ ପର୍ଯ୍ୟନ୍ତ ସେ ଆସିଲେ ନାହିଁ ।	Naḱ sante Ać kać hućoḱ yana.
ତା’ ନହେଲେ ଚଳିବ ନାହିଁ ।	Hana kaaredo kaa chalawaḱ.
ମୋ ଆଡ଼କୁ ଆସ ।	Anjo pa’ate hućoḱme.
ପାଖରେ ବସ ।	Japaḱre dubme.
ସେ ଉଦ୍ଧ୍ୱର୍ରେ ରହିଲେ ।	Ać chetanreć taiana.
ଲୋକଟି ଏକ ପାଖରୁ ଅନ୍ୟ ପାଖକୁ ଗଲା ।	Mit́ hō’ mit́ kuṭiete onḍoḱ mit́kuṭiteć senoḱ yana.
ଆମେମାନେ ଆକାଶର ନିମ୍ନରେ ଅଛୁ ।	Abumanoko sirmarimil latarre minaḱbua.
ମୋ ପଛରେ ସେ ।	Ańaḱ chanabre aeḱ.
ବର୍ତ୍ତମାନ ପର୍ଯ୍ୟନ୍ତ ସେ ଆସି ନାହାନ୍ତି ।	Naḱ jooṅ, akiṅ bankina.
ଦୁଇ ମଧ୍ୟରେ ଗୋଟିଏ ଭଲ ।	Baro’talare miḍo bugina.
ମୋ ବ୍ୟତୀତ ସେ ଆସିବେ ନାହିଁ ।	Ań bage kate akiṅ ka kiṅ hućoḱa.
ସବୁଆଡ଼େ ପଡ଼ିଆ ଅଛି ।	Sabin paa paṛia menaḱa.
ତୁମ ପରି କେହି ନାହାନ୍ତି ।	Abenleka okoyo baṅkôa.
ମୋ ପାଇଁ ଆମ୍ବ ଆଣନ୍ତୁ ।	Ań lagit́ Uli aguêben.
ଆପଣ ଆଜି ଆମ ନିକଟରେ ପହଞ୍ଚିଛନ୍ତି ।	Aben tisiṅ ale japaḱre ben biṭ akana.
ମୁଁ ଯିବି ନାହିଁ ।	Ań kań senuḱaḱ.
ତୁ ଆସିବୁ ।	Am hućoḱm.
ତୁମେ ଆସିବ ।	Ape hućoḱpe.
ଆପଣ ଆସିବେ ।	Aben hućoḱeḱ.
ଆମ୍ଭେ ଆସିବୁ ।	Ale hućoḱeḱ.
ସେମାନେ ଆସିବେ ।	Hanko hućoḱeḱ.
ମୁଁ ନିଜେ ଗଲି ।	Anjge senoḱyan.
ମୋର ବହି ।	Anjaḱ puti.
ତୁମ୍ଭମାନଙ୍କୁ ନମସ୍କାର ।	Apemanko joarge.
ତୁମ୍ଭେମାନେ କୁଆଡ଼େ ଯାଉଛ ।	Apeko okontepe senoḱ tana.
ତୁମ୍ଭମାନଙ୍କର କ’ଣ ଅଛି ।	Apemankoāḱ chinaḱ menaḱa.
ଆପଣମାନଙ୍କୁ କ’ଣ କହିବି ।	Apemanko chinaḱń kajie pia.
ଆପଣମାନଙ୍କର ବହି ନିଅନ୍ତୁ ।	Abinaḱ puti iṛeben.
କ’ଣ କରୁଛ ?	Chinaḱ chikatanam ?
ଏଗୁଡ଼ିକ କ’ଣ ?	Ninako chinaḱ ?
ସେଗୁଡ଼ିକ ବହି ।	Enako puti.
ଏହା କ’ଣ ?	Nina chinaḱ ?
ଅନ୍ୟ ଛତା ଆଣ ।	Eṭaḱ chatom aguêm.
କାହାକୁ ପଠାଇବି ।	Okoyonjo kuliye.
ତମେ କେହି ନୁହେଁ ବୋଲି ସେ କହିଲେ ।	Ape okoyo kaage mente Ać kajikiṛa.
ତାହାକୁ କୁହ ସେ ଆସିବେ ।	Ać kajiaipe hućoḱ cha.
ତା’ର କ’ଣ ଦରକାର ଅଛି ।	aćaḱ chinaḱ goroj menaḱa.
ତାହା କ’ଣ ?	Hana chinaḱ ?
କାହାର ଛୁଆ ?	Okoaḱ siṭia ?
କାହାକୁ ଖୋଜୁଛ ?	Okoyom namtana ?
ସେପରି କାମ କର ।	Enleka paiṭim.
ଯାହାକିଛି ପାଉଛ ଆଣ ।	Jaanaḱpe nametana aguêpe.
ତୁମର ଇଚ୍ଛା ଯେ କୌଣସିଟା ଆଣ ।	Amaḱ sanaṅ jaanaḱ reó aguêm.
ଉଭୟଙ୍କୁ ଧରିକି ଆସ ।	Baran kiṅ sabkate hućoḱme.
ପିଲାମାନେ ଖେଳ ।	Siṭieko inuṅpe.
ଖେଳପଡ଼ିଆରେ ଖେଳ ।	Paṛiare inuṅpe.
ଖେଳାଳୀମାନେ ଖେଳୁଛନ୍ତି ।	Inuṅbadabadīhonko inuṅ tana.
ଖେଳାଳୀମାନେ ଖେଳୁଛନ୍ତି ।	Inuṅhonko inuntanako.
ଫୁଟବଲ ଖେଳ ଚାଲିଛି ।	Talkaḍui inuṅ chaluakana.
କୁଡ଼ିଆ ଘରେ ଆମେ ରହୁଛୁ ।	Guyuoaḱre ale taen tana.
ମୁଁ କମାରଶାଳ ଯାଇଥିଲି ।	Ań kamar sã’ṇenjo sen‌lina.
କାରାଗାରରେ ସେ ରହିଛନ୍ତି ।	Satar garoare Ać taiyekana.
ସାଇକେଲ ପ୍ରତିଯୋଗିତା ଚାଲିଛି ।	Saikel badabadī chalu akana.
ଦଉଡ଼ିଟଣା ଖେଳ ଚାଲିଛି ।	Bayar or inuṅ chaluakana.
ଦୌଡ଼ ପ୍ରତିଯୋଗିତାରେ ମୁଁ ପ୍ରଥମ ହେଲି ।	Nirbadabadīre ań anayarrakana.
ପର୍ବତାରୋହଣ ବହୁତ କଷ୍ଟ ।	Burudeć esu ãṭoa.
ଲାଖବିନ୍ଧାରେ ସେ ପ୍ରଥମ ହେଲା ।	Beja/ sartunjre Ać ayar akana.
ବାଘ-ଛେଳି ଘର ଭିତର ଖେଳ ।	Kula-merom inuṅ.
ସନ୍ତରଣ ଶିଖିବା ଭଲ ।	Oyar eton bugia.
ଗୁହାଳରୁ ଗୋବର ଆଣ ।	Goãete guriḱ aguêpe.
ମୃତଲୋକକୁ ସମାଧି ସ୍ଥାନକୁ ନିଆଯାଉଛି ।	Goć Hoo sasanteko iḍii tana.
ଶୟନ ଗୃହରେ ଶୁଅ ।	Gitiḱusemre gitićm.
ରୋଷେଇ ଗୃହରେ ରନ୍ଧା କାର୍ଯ୍ୟ କରାଯାଏ ।	Ma’nḍi Oaḱ re manḍiko i’sina.
ଦୁଆର ଆଗରେ କୁକୁର ଶୋଇଛି ।	Duer ayarre sita gitiḱy akana.
କାନ୍ଥ ଭୁଷୁଡ଼ିଲା ।	Ginil handiiana.
ବାଲିରେ ଖେଳ ନାହିଁ ।	Gitilre alom inuṅa.
କାଦୁଅ ଲାଗିଲା ।	Losoṛ yana.
ଲମ୍ବା ବାଉଁଶ ।	Jiliṅ maṛo.
କରେଇରେ ଡ଼ାଲି ଅଛି ।	Koraire ḍaali menaḱa.
କଳସୀରେ ପାଣି ଅଛି ।	Tumiṅre daḱa menaḱa.
କୁରାଢ଼ିରେ କାଠ ହାଣ ।	Hakete sa’n paaḱ tam.
କୋଦାଳରେ ମାଟି ହାଣ ।	Kuṛolamte Hasa maḱem.
ଦୋଳି ଖେଳ ।	Ṛilua inuṅ.
ନିଶୁଣୀରେ ଚଢ଼ ।	Siṇire deḱem.
ପଘାରେ ବାନ୍ଧ ।	Pagate tolem.
ପନିକି ଆଣ ।	Katu aguêm.
ପାନିଆରେ ମୁଣ୍ଡ କୁଣ୍ଡାଅ ।	Nakiḱte bo’oḱ nakićnme.
ପ୍ରବେଶ ନିଷେଧ ।	Kako boloa.
ଘର ପ୍ରସ୍ଥାନ ହେଲେ ।	Oaḱete onoloḱ yana.
ମୁଣ୍ଡରେ ତେଲ ଲଗାଅ ।	Bohḱ sunumen me.
କୁଣ୍ଡରେ ପାଣି ଅଛି ।	Ṛakut́re daḱmenaḱa.
ଡଙ୍କାରେ ଡ଼ାଲି ବାଢ଼ ।	Lunḍiḱte ḍali bureḱem.
ଚାମଚରେ ଖାଅ ।	Hon lunḍiḱte jomem.
ଡ଼ାଲାରେ ଘାସ ଆଣ ।	Ṛaulaḱre dumbu aguêm.
ବର୍ଷାରେ ଛତା ନିଅ ।	Gamare chatom iṛem.
ବଳଦଙ୍କୁ ଯୁଆଳିରେ ଯୋଡ଼ ।	Haṛakiṅ ãr kinme.
ଗରମ ଲାଗୁଛି, ବିଞ୍ଚଣା ଆଣ ।	Balbal tan akanapaḱ aguêm.
ଗଇଁତିରେ ମାଟି ତାଡ଼ ।	Gaẽtate Hasamaḱem.
ଖଟରେ ବସ ।	Parokomre dubme.
କଇଁଚିରେ ବାଳକଟା ଯାଏ ।	Ra chamte Bohḱ bale ra chamoḱaḱ.
ପଥର ଘର ।	Diriòaḱ.
ଚମଡ଼ା ଜିନିଷ ଚମଡ଼ା କାରଖାନାରେ ତିଆରି ହୁଏ ।	Ũr giniis ũr harare baina.
ହରଡ଼ ଡାଲି ଖାଅ ।	Riaṛi ḍaali jomem.
କୋଳଥ ଚାଷ କର ।	Kuṛuti chaasoe pe.
ଜଡ଼ାତେଲ ଆଣ ।	Jaṛabindi sunum aguêm.
ଡାଳୁଅ ଧାନ ପାଚିଲା ।	Goṛababa mata yana.
ଫସଲ ବଢ଼ିଆ ହେଇଛି ।	Kir‌si baṇi akana.
ବିରି ତରକାରି ।	Reṭeć ramba utu.
ବାଜରା ଆଣ ।	Tilai gangai aguêm.
ମକା ଖାଅ ।	Ṭepoć gangai jomem.
ମସୁର ଡାଲି ଆଣ ।	Masurī ḍaali aguêm.
ମୁଗ ଡାଲି ଖାଅ ।	Mugi ḍali jomem.
ଲଘୁଧାନ ନିଅ ।	Labar baba iṛem.
ରାଶି ତେଲ ଆଣ ।	Ramtia sunum aguêm.
ଶାଗ କାହିଁ ?	A’aḱ okoreć ?
ଶାରଦ ଧାନ ଲଗାଅ ।	Hambal baba roaem.
ସୋରିଷ ତେଲ ଲଗାଅ ।	A’aḱjaṅ sunumte sunumenme.
ଏଣ୍ଡୁଅ ଦେଖ ।	Donḍa neliim.
କଇଁଛ ପାଣିରେ ରହେ ।	Hor daḱareć taena.
କଙ୍କଡ଼ା ବିଚ୍ଛାର ବିଷ ଅଛି ।	Kaakom marmaraḱ maura menaḱa.
କଉମାଛ ଗଛ ଚଢ଼େ ।	Kuu haku daruć deaḱ.
କେରାଣ୍ଡି ପାଣିରେ ଖେଳୁଛି ।	Danḍika daaḱ reć inuṅ tana.
କୁମ୍ଭୀରର ଚାରୋଟି ଗୋଡ଼ ।	Taenaḱ upunia kaṭa.
ଗେଣ୍ଡା ପାଣିରେ ରହେ ।	Genḍa daḱareć taena.
ଗୋଧିକୁ ଦେଖ ।	To’rḱ neliime.
ଗୋଖର ଗାତରେ ରହେ ।	Panḍunagu unḍureć taena.
ଗଡ଼ିସା ମାଛ ଖାଅ ।	Raṭanga haku choṛa jomiim.
ଚିତିସାପର ବିଷ ଅଛି ।	Bara chitiṅBińṅaḱ bisimenaḱa.
ଚେଙ୍ଗମାଛ ଆଣ ।	Choṛahaku aguêm.
ଚିଙ୍ଗୁଡ଼ି ଖାଅ ।	Icheć jomim.
ଆସ ଜୋକକୁ ଦେଖ ।	Hujuḱm hapat́ nelim.
ଜିଆ ମାଟିରେ ରହେ ।	Lenḍat́ Hasareć taena.
ଝଡ଼ିପୋକ ଉଡୁଛି ।	Burdut́ apiren tana.
ଝିଟିପିଟି ଝଡ଼ିପୋକକୁ ଖାଉଛି ।	Horochochoć burduṛeć jom tana.
ଢ଼ମଣା ଗାତରେ ରହେ ।	Jambuu unḍureć taena.
ଧଣ୍ଡ ପାଣିରେ ପହଁରୁଛି ।	Dunḍu daaḱreć oyaren tana.
ପାହାଡ଼ିଆ ସାପକୁ ଦେଖ ।	BuruBiń nelićme.
ବଜ୍ରକାପ୍ତା ପାହାଡ଼ରେ ରହେ ।	Harmu burureć taena.
ବିଷାକ୍ତସାପଠାରୁ ଦୂରରେ ରୁହ ।	Maura Bińṅete saniṅre taen me.
ବେଙ୍ଗ ପାଣିରେ ରହେ ।	Choke daḱa reć taena.
ବ୍ରାହ୍ମଣୀ ବେଙ୍ଗକୁ ଦେଖ ।	Aũt́ choke neliim.
ବୁଢ଼ିଆଣୀ ଜାଲ ଅତି ସରୁ ।	Bindiiram jali esubatariye.
ଜଳହସ୍ତୀ ପାଣିରେ ବହୁତ ସମୟ ବୁଡି ରହିଯାଏ ।	Daḱa hatī daḱare esugaaṛiḱ unum tai dayiye.
ଦଣ୍ଡିକିରି ମାଛ ପାଣିରେ ଖେଳୁଛି ।	Danḍika haku daḱareć inuṅ tana.
ଭାକୁର ମାଛର ଦାମ୍ ବେଶୀ ।	Bakuṛu hakuaḱ gonoṅ esu lanaaḱ.
ମାଛର ଗାଲିସି ସଫାକର ।	Hakuhãrayat́ sapaem.
ମାଛମଞ୍ଜି ଖାଇବାକୁ ଭଲ ଲାଗେ ।	Hakujarom esunogot́a.
ଲୁଣିମାଛ ଖାଇବାକୁ ଲୁଣିଆ ଲାଗେ ।	Buluṅhaku buluṅ giaḱ.
ଶୁଖୁଆ ମାଛ ଖାଇବାକୁ ଭଲ ଲାଗେ ।	Ro’haku jom esu bugia.
ରଣା ହିଡ଼ସବୁ ଭାଙ୍ଗିଦିଏ ।	SakomBiń aṇi koć rapuṛa.
ସାପଫଣା ଟେକିଛି ।	Bińsa’kaṛa.
ଉଇ ହୁଙ୍କାରେ ରହେ ।	Nidir bunumreko taena.
ଜନ୍ଦା କାମୁଡ଼ିଲା ।	Ṭonṭo huaḱ kiṛinja.
ଶାଗରେ ପୋକ ଲାଗିଛି ।	Aaḱ୍re chidu menaḱ koa.
ସାପର ବିଷାକ୍ତ ଦାନ୍ତ ଅଛି ।	Bińaḱ mauradaṭa menaḱa.
ଫୁଲ ଫୁଟିଛି ।	Bah puṭewakana.
କଇଁ ଫୁଟିଛି ।	Saluket́ puṭewakana.
କୃଷ୍ଣଚୂଡ଼ା ଫୁଲ ନାଲିଆ ।	RajaBah jengaaḱ.
ଦୁଦୁରା ଫୁଲ ଆଣ ।	Tootoo Bah aguêm.
ଫୁଲର ଡ଼େମ୍ଫ ଅଛି ।	Bah  reaḱ ṛanṭi menaḱa.
କଢ଼ ଫୁଲ ଆଣ ।	Koṇo Bah aguêm.
ଈଶ୍ୱର ଜଟା ଲଗାଅ ।	Otoroṅ roaem.
ପଳାଶ ଫୁଲର ବାସନା ନାହିଁ ।	Mu’r Bah  reaḱ soan banoḱa.
ପଦ୍ମଫୁଲ ପାଣିରେ ଥାଏ ।	 tat́a.y‌ Bah daaḱre taena.
ମଲ୍ଲୀଫୁଲର ବାସନା ଅଛି ।	Aṭal Bah  reaḱ soan menaḱa.
ସୂର୍ଯ୍ୟମୁଖୀରୁ ତେଲ ବାହାରେ ।	ChanḍuḱBah sunumoḱa.
ରଜନୀଗନ୍ଧା ରାତିରେ ଫୁଟେ ।	Nidasoan Bah nidapaṅ puṭaō na.
ଅପରାଜିତା ଏକ ଫୁଲ ।	Da’dai mit́ḍo baa.
ତରାଟ ଫୁଲ ଝଡ଼ିଛି ।	Golanchi Bah honjor akana.
ବାସିଫୁଲ ଆଣ ନାହିଁ ।	AngaraBah alom aguya.
ମନ୍ଦାର ଏକ ଫୁଲ ।	Araḱ gele miḍo’ baa.
ଫଳ ଖାଅ ।	Joo jomem.
କଞ୍ଚାଫଳ ଖାଅ ନାହିଁ ।	Berel joo alom jo’ma.
ଅମୃତଭଣ୍ଡା ପାଚିଲା ।	Bindi mata yana.
ଆମ୍ବ ମିଠା ଲାଗେ ।	Uli nogot́a.
ଆତ ଖାଅ ।	Ḍambau jomem.
ଆମ୍ବଡ଼ା ଖଟା ଲାଗେ ।	Ambau moroćêa.
କଦଳୀ ଆଣ ।	Kadal aguêm.
ପାଚିଲା କଦଳୀ କିଣି ଖାଅ ।	Mata kadal korinkate jomeme.
କରମଙ୍ଗା ଖଟା ଲାଗେ ।	Moroe୍ḱ hatanaḱ moroe୍ḱêa.
କାକୁଡ଼ି ଲଗାଅ ।	Tayar roaem.
କସି କାକୁଡ଼ି କିଣି ଆଣ ।	Baleć tayar kiriṅ aguêm.
କଖାରୁ ନିଅ ।	Kakaru iṛem.
କନ୍ଦମୂଳ ମାଟିରେ ଫଳେ ।	Aṇisanga Hasare dakana.
କଲରା ପିତା ଲାଗେ ।	Karla me’ra.
ଖଜୁରୀ ଗଛରେ ବହୁତ କଣ୍ଟା ।	Kijur daru esu janumana.
ଜାମୁକୋଳି ଖାଇବାକୁ ଯିବା ।	Kudamata jomobu senoḱa.
ବରକୋଳି ଗଛର ବର ଓହଳିଛି ।	Baidarure joroy akana.
ଥୁଣ୍ଟା ଗଛର ଡ଼ାଳ ନାହିଁ ।	Ḍunḍuli daru  reaḱ koto banoḱa.
ଅଶୋକ ଗଛ କିଣି ଆଣ ।	Baru kondu daru kiriṅ aguêm.
ମଞ୍ଜି ବୁଣା ଯାଏ ।	Janko herêa.
କୁଟା ଛତୁ ଆଣ ।	Busuḱ ut́ aguêm.
ଜହ୍ନି ତରକାରୀ କର ।	Ji’nga utuim.
ପନିପରିବା ଆଣ ।	A aḱ maṭa aguêm.
ଓଉ ଖଟା କର ।	Hatu rayũ moroḱem.
ସାରୁ କିଣି ଆଣ ।	Saru kiriṅ aguêm.
ବନ୍ଧା କୋବି ତରକାରୀ କର ।	Puṭua kubi utuime.
ଫୁଲକୋବିରେ ପୋକ ଲାଗିଛି ।	Bah kubiko chidu  tat́a./ chidu tiaḱ Bah kubi.
ଓଲକୋବିର ଦାମ ବେଶି ।	Ṛampukubi esu gonoṅa.
ପାଚିଲା ଫଳ ଖାଅ ।	Mata joo jome me.
ଗଛ ଲଗାଅ ।	Daru roaem.
ଅଶ୍ୱତଥ ଗଛ ଲଗାଅ ।	Hesaḱdaru roaem.
ଅରଖ କ୍ଷୀର ଆଣ ।	Palaṭi sosoć aguêm.
ଅଁଳା ଗଛ ଲଗାଅ ।	Merel daru ruaem.
ଅପରାଜିତା ଗଛ ଲଗାଅ ।	Da’dai daru roaem.
ଆଖୁ ଗଛରେ ପାଣି ଦିଅ ।	Nogoṛ siṅ darure daḱa dulem.
ଆତ ଗଛରେ ଚଢ଼ ।	Ṛambau darure deeḱm.
ଆମ୍ବ ଗଛ କାଟ ନାହିଁ ।	Ulidaru alope maḱêa.
କପା ଗଛରୁ କପା ମିଳେ ।	Kat́som daruite tulem namoḱa.
କଣ୍ଟା ଗଛରେ ବହୁତ କଣ୍ଟା ।	Janumdaru esu janumana.
କଦଳୀ ଗଛ କାଟ ନାହିଁ ।	Kadal daru alope maḱêa.
ଖଜୁରୀ ଗଛ ଲଗାଅ ।	Kijur daru roaem.
ଖଡ଼ିକା ଆଣ ।	Chariḱ aguêm.
ଗବ ଗଛ ବାଡ଼ିରେ ଲଗାଅ ନାହିଁ ।	Ṭoṭoka bindidaru bakaire alope roaêa.
ଜଡ଼ା ଗଛର ପୋକକୁ ଦେଖ ।	Jaṛabindidaru riniḱ chidu neliim.
ଦୁବ ଘାସ ଆଣ ।	Dubitasat́ aguêm.
ଶୁଖିଲା ଘାସ ଗାଈ ଖାଇଲା ନାହିଁ ।	Ro’tasat́ gunḍi kać jo’me yana.
ଛତୁ ତରକାରୀ କର ।	Ut́utu im.
ଜାଳେଣି କାଠ ନାହିଁ ।	Tinge Sahn banoḱa.
ଝାଉଁ ଗଛ ଲଗାଅ ।	Hui daru roaem.
ତାଳ ଗଛ ଡ଼େଙ୍ଗା ।	Taaṛa daru salangia.
ନିମ ଗଛ ଆଣ ।	Lim daru aguêm.
ନଡ଼ିଆ ଗଛ ଲଗାଅ ।	Nuṇiẽ daru ruaem.
ପଣସ ଗଛରେ ପଣସ ପାଚିଛି ।	Poṇoso darure poṇoso mata akana.
ବରଗଛ ତଳେ ବସ ।	Baidaru subare dubme.
ବେଲ ଗଛକୁ ଦେଖ ।	Bel daru nelem.
କୀଟଠାରୁ ଦୂରରେ ରୁହ ।	Uruite saniṅre taenme.
ପତଙ୍ଗ ଉଡ଼ି ବୁଲୁଛି ।	Uski apir baan tana.
ମୁଣ୍ଡରେ ଉକୁଣୀ ଅଛି ।	Bohḱre siku minaḱ koa.
ଉଇ ହୁଙ୍କାରେ ରହେ ।	Nidir bunumreć taena.
ଏଣ୍ଡିପୋକ ଗୋବ ପତର ଖାଏ ।	Baṛam ṭoṭoka bindi pata’e joma.
କଙ୍କି ଉଡ଼ି ବୁଲୁଛି ।	Ber beṛoṅ apir baan tana.
କୋଲକତରା ବିଲରେ ରହେ ।	Gurguṛi kunḍireć taena.
କାଇ ଖଟା ଲାଗେ ।	Hauko moroḱêa.
କୁମ୍ଭକାର କୀଟ କାନ୍ଥରେ ବସିଛି ।	Kunkal ginilreć dubakana.
କଳା ଭ୍ରମର ଉଡ଼ି ବୁଲୁଛି ।	Hene୍do uru apir baan tana.
ସୁନାରୀ ପୋକ ପତ୍ର ଖାଉଛି ।	Buang uru pata’aḱ jom tana.
ଗୋବର ପୋକ ଖତ ଗାଡ଼ିଆରେ ରହେ ।	Guriḱchidu guriḱ dubireć taene.
ଛାର ପୋକ କେଉଁଠି ରହେ ?	Maji okon reć taena ?
ଝଡ଼ି ପୋକ ହୁଙ୍କାରୁ ଉଡୁଛି ।	Ṭupuṅ, bunume’teć apiren tana.
ଜୁଳୁଜୁଳିଆ ପୋକ ରାତିରେ ଉଡ଼ିବୁଲେ ।	Ipii piyung nidapaṅṅe apir baan.
ଝିଙ୍କାରୀ ଘାସରେ ଚାଲି ବୁଲୁଛି ।	Rẽ rẽ tasat́reć senobae tana.
ଝିଣ୍ଟିକା ଘାସ ଖାଏ ।	Baṭa tasaṛeć joma.
ଝିଙ୍କ ଜଙ୍ଗଲରେ ରହେ ।	Jiki birreć taena.
ଧୂଆଁ ଡ଼ାଆଁଶ ତଡ଼ି ଦିଏ ।	Moḱoẽre pichuko nire.
ଫୁଲରେ ପ୍ରଜାପତି ବସିଛି ।	Baare pampal dubakana.
ପିମ୍ପୁଡ଼ି କାମୁଡ଼ିଲା ।	Muć hueć kiṛinja.
ବୁଢ଼ିଆଣୀ ଜାଲ ଅତି ସରୁ ।	Bindiୀram jali esu bataria.
ଭ୍ରମର ଏ ଫୁଲରୁ ସେ ଫୁଲକୁ ଉଡ଼ି ବୁଲୁଛି ।	Uru nen baaete en baate apir baan tana.
ବିରୁଡ଼ି ବସା ଭାଙ୍ଗ ନାହିଁ ।	Surpaṅ, chata alope rapuṛia.
ଭଅଁର ଉଡ଼ି ବୁଲୁଛି ।	Uru apir baan tana.
ଧୂଆଦେଲେ ମଶା ରହେ ନାହିଁ ।	Moḱoẽre sikiẽ ko kako taena.
ଘରେ ମାଙ୍କଡ଼ସା ବସା ବାନ୍ଧିଛି ।	Oaḱre jilinkaṭa bindiiram jaliḱbai  tat́a..
ରେଶମ ପୋକ ତୁତ୍ ଗଛର ପତ୍ର ଖାଏ ।	Tu tu lugam tu’tu pata’eć joma.
ଶାଗ ପୋକ ଶାଗ ଖାଇଗଲା ।	A’aḱchidu a’aḱe jom ket́a.
ଉଇ ହୁଙ୍କାରେ ରହେ ।	Nindir bunumreć taena.
ସାଧବ ବୋହୂ ଭୂଇଁରେ ଚାଲିଛି ।	Simbur otereć sena kaṛa.
ଏଣ୍ଡୁଅ ଗଛରେ ଚଢ଼ୁଛି ।	Donḍa darure deć tana.
ପକ୍ଷୀ ଉଡୁଛି ।	Cheṇe apiren tana.
କୁକୁଡ଼ା ପର ଆଣ ।	Sim ĩyãl aguêm.
କୁକୁଡ଼ା ଥଣ୍ଟରେ ଖାଏ ।	Sim ṭo’ṭoaḱte jo’ma.
ଇଗଲ କୁକୁଡ଼ାକୁ ଖାଇଲା ।	Richi simeć jom ket́ića.
କପୋତ ପଡ଼ିଆରେ ଚରୁଛି ।	Putam paṛie reć atin tana.
କାଠହଣା ଗଛରେ ବସିଛି ।	Ere oyo darureć dub akana.
କାଣ୍ଟିବଗ ମାଛ ଖାଉଛି ।	Piska koḱ hakuć jom tana.
କାଉ କଳା ।	Kaaaḱ hene୍doya.
କୁକୁଡ଼ା ମାଂସ ଖାଅ ।	Simjilu jomem.
କୋଇଲି କାଉ ବସାରେ ଅଣ୍ଡା ଦିଏ ।	Toau kaaaḱ lugare ja’roma.
ମାଈ କୁକୁଡ଼ାର ଅଣ୍ଡା ।	Enga simaḱ jarom.
କଜଳୀପାତୀ ଆକାଶରେ ଉଡୁଛି ।	Dãchut́ sirmareć apiren tana.
ଘର ଚଟିଆ ଘରେ ବସା କରେ ।	Ṛeṛem Oaḱ reć lu’gaḱ.
ଚାତକ ଆକାଶରେ ଉଡୁଛି ।	Ṭirung sirmareć apiren tana.
ଚିଲ କୁକୁଡ଼ାକୁ ଟେକି ନେଲା ।	Richi simeć gooḱ ket́ića.
ଛଞ୍ଚାଣ ଗଛର ବଡ଼ ଡାଳରେ ବସିଛି ।	Kuiṛo daru reaḱ marankotoreć dubakana.
କୋଚିଲା ଖାଇ ଛୁଆ ଫୁଟାଇଲା ।	Mat́ṭongeć honokoć rutui ket́ kua.
ଜଳଚର ପକ୍ଷୀ ଜଳରେ ପହଁରୁଛି ।	Daaḱre atiṅoyo daaḱreć oyaren tana.
ଟିଆ ଆକାଶରେ ଉଡୁଛି ।	Doć sirmareć apiren tan.
ଶୁଆ ପୋଷାମାନେ ।	Kereat́ kajiḱ manatiṅṅa.
ଡ଼ାମରା କାଉ ଉଡ଼ିଗଲା ।	Burukaaaḱ apire yana.
ଡ଼ାହୁକ ପାଣିରେ ଖେଳୁଛୁ ।	Hede geleć daaḱreć inun tana.
ପାଣିକୁଆ ପାଣିରେ ବୁଡ଼ିଗଲା ।	Daaḱ kaaaḱ daaḱreć unume yana.
ପାରା ଚାଉଳ ଖାଇଲା ।	Dudulum Chauliḱ jomkiṛa.
ପଚୋ ନିଶାଚର ।	Koko’r nidAć atiṅnga.
ବଗ ବିଲରେ ମାଛ ଖାଉଛି ।	Kooḱ kunḍire hakuḱ jom tana.
ବାଦୁଡ଼ି ଡ଼ିମିରି ଫଳ ଖାଇଲ ।	Baduṛi loae jom ket́a.
ବଣି ଏ ଗଛରୁ ସେ ଗଛକୁ ଉଡ଼ି ବୁଲୁଛି ।	Rami nen daruite handaruć apir baan tan.
ମାଛରଙ୍କା ପାଣିରେ ବୁଡ଼ି ମାଛ ଖାଏ ।	Kikir daaḱre unum yane’te hakui joma.
ଲୋଟଣୀପାରା ହାଣ୍ଡିରେ ଅଣ୍ଡା ଦେଇଛି ।	Gadur dudulum chaṭureć jarom  tat́a..
ହଳଦୀବସନ୍ତର ଥଣ୍ଟ ନାଲିଆ ।	Bochoḱaḱ ṭo’ṭoaḱ jengaaḱ.
ଚଢ଼େଇ ଛୁଆ ବସାରେ ରହିଛି ।	Oyohon lugareć taiaḱ kana.
ବତକ ପାଣିରେ ପହଁରୁଛି ।	Koṛo daaḱreć oyaren tana.
ଶରୀର ପାଇଁ ଖାଦ୍ୟ ଆବଶ୍ୟକ ।	Homõ lageṛo nangom goroja.
ମୂଷା ଛୁଆ ଗାତରେ ପଶିଲା ।	Guṛuhon unḍureć bolo yana.
ଶାବକ ତା’ ମାଆ ପାଖରେ ରହିଛି ।	Hon aćaḱ enga taḱreć tai akana.
ଘୁଷୁରୀ ଛୁଆ ମା’ର କ୍ଷୀର ଖାଉଛି ।	Sukurī Hon engaaḱ toAć nunu tana.
ଘୋଡ଼ାଛୁଆ ଚରୁଛି ।	Sadom Hon atiṅ tana.
ଛେଳିଛୁଆ ବୋବାଉ ଅଛି ।	Merom Hon raaḱyo tana.
ଠେକୁଆ ଛୁଆ ଡ଼େଇଁଲା ।	Kulee Hon uć yana.
ବିରାଡ଼ି ଛୁଆ ଚୁଲି ପାଖରେ ଶୋଇଛି ।	Bilee Hon iṭul japaḱreć gitiḱy akana.
ଚୁଚୁନ୍ଦ୍ରା ଗାତରେ ପଶିଲା ।	Chundi unḍureć bolo yana.
ଚୁଟିଆ ମୂଷା ଧାନ ଖାଉଛି ।	Chuṭila baba jom tana.
ମାଈ ଛେଳି ଗଛ ମୂଳରେ ଶୋଇଛି ।	Merom enga darubuṭareć gitiḱ akana.
ମାଈ ଘୁଷୁରୀ ଛୁଆ ଦିଏ ।	Enga sukurī hoona.
ଦୁହାଁଳିଆ ଗାଈ ରଖ ।	Tauiḱtan gunḍi rikaim.
ଦନ୍ତାହାତୀ ଶସ୍ୟ ଖାଇଗଲା ।	Daṭa’n hatī buda ṛeḱjom ket́a.
ନେଉଳ ଖଣ୍ଡିଆ ସାପକୁ ଯୋଡ଼ି ଦେଲା ।	Ginduru banḍiḱ Bińngeć tukam kiḱa.
ବଣ ମଣିଷ ବଣରେ ରହେ ।	Bir ‘ho’ birreć taena.
ମହାବଳ ବାଘ ହରିଣକୁ ଖାଉଛି ।	Kine୍dor kula silibeć jom tana.
ମାଈ ବାଛୁରୀ ଡ଼େଉଁଛି ।	Peṭã ujen tana.
ଅଣ୍ଡିରା ବାଛୁରୀ କ୍ଷୀର ପିଉଛି ।	Damkom nunu tana.
ବଡ଼ମୂଷା ବିହନ ଖାଇଲା ।	Guṛu hiteć jom ket́a.
କୁକୁଡ଼ା ବିଲୁଆ ଖାଇଲା ।	Sim tuyu jom ket́ića.
ମଇଁଷି ପାଣି ପିଉଛି ।	Keṛa daaḱ nuũ tana.
ସିଂହୀ ତା’ର ଛୁଆକୁ ଗେହ୍ଲା କରୁଛି ।	Joṭokula enga aćaḱ honeć beleṅngi tana.
ସମୁଦ୍ରଗାଈ ଅନାଇ ରହିଛି ।	Daaḱgunḍi meṛa kaṛa.
ସମୁଦ୍ର ଘୋଡ଼ା ପାଣି ପିଉଛି ।	Daaḱ sadom daaḱ nuũ tana.
ଚମରୀ ଗାଈର ଲମ୍ବା ଲମ୍ବା ରୁମ ।	Biruriḱyeć jilinjiliṅ bale.
ବାଛୁରୀ ବନ୍ଧା ଯାଇଛି ।	Miyũ tol akana.
ଭାଲୁଛୁଆ ଗୁମ୍ଫାରେ ଶୋଇଛି ।	Baluhon gongor reć burum akana.
ବାଘଛୁଆ ଜଙ୍ଗଲରେ ବୁଲୁଛି ।	Kulehon birreć honor tana.
ମେଣ୍ଢାଛୁଆ ମାଆ ପାଖରେ ରହିଛି ।	Minḍihon enga taaḱ reć tai akana.
ସିଂହଛୁଆ ଧରାଯାଇଛି ।	Joṭokulahon sabakana.
ହରିଣଛୁଆ ମାଆକୁ ଭୁଲିଗଲା ।	Pustehon engaḱ at́kiḱe.
କୁକୁଡ଼ା ଛୁଆକୁ ଖୁଦ୍ ଦିଅ ।	Simhon kudi emaim.
ଗାଈ ଘାସ ଖାଉଅଛି ।	Gunḍi tasaṛeć jom tana.
ବଳଦ କିଣି ଆଣ ।	Haṛa kiriṅ aguêm.
ଷଣ୍ଡ ଲଢ଼େଇ ଚାଲିଛି ।	Senḍo tapaṛar chalu akana.
ବାଘୁଣୀ ଛୁଆକୁ ଧରି ଜଙ୍ଗଲରେ ବୁଲୁଛି ।	Kuleenga Hon loḱte birreć honortan.
ଓଟ ମରୁଭୂମିରେ ଦେଖାଯାଏ ।	Ũṭu gitil pii reć neloḱaḱ.
ଓଧ ମାଛ ଖାଏ ।	Udem hakuć joma.
କୁକୁର ଘର ଜଗେ ।	Seta Oaḱ horoa.
କୋକିଶିଆଳି କିଆବୁଦା ତଳେ ଲୁଚି ରହେ ।	Kinkiṛituyu kiãt́ jumba’re ukuna.
ଗୁଣ୍ଡୁଚି ମୂଷା କାକୁଡ଼ି ଖାଇଲା ।	Tu’ tayareć jom ket́a.
ଘୋଡ଼ାରେ ଚଢ଼ ।	Sadomre deeḱme.
ଘୋଡ଼ି ଛୁଆ ଦେଲା ।	Enga sadom Hon kiḱe.
ମେଣ୍ଢାଛୁଆ ମାଆ ପାଖରେ ଶୋଇଛି ।	Minḍihon enga japaḱreć gitiḱy akana.
ହନୁମାଙ୍କଡ଼ କାଙ୍କଡ଼ ଖାଉଛି ।	Saraḱ ocheneć jom tana.
ଶିକାରୀ କୁକୁର ବିଲୁଆକୁ ଧରିଲା ।	Juluṅ seta tuyuḱ sabkiḱa.
ବୁଲା କୁକୁର ଘରେ ପଶିଲା ।	Janṭaseta usemreć bolo yana.
ପାତି ମାଙ୍କଡ଼ ଗଛରୁ ଡ଼େଇଁଲା ।	Gaī daruiteć uć yana.
ହେଟାବାଘ ଗୁମ୍ଫାରେ ଶୋଇଛି ।	Haṛagar gongor reć gitiḱy akana.
ଶିମିଳିପାଳର ମୟୂର ।	Simiṛipaṛo ren maraḱ.
ଉଇ କାଠ କାଟେ ।	Nidir darui joma.
କୂଅରେ କଇଁଚ ଅଛି ।	Suut́re hor menaie.
କୁମ୍ଭୀର ପାଣିରେ ରହେ ।	Ta yan daḱre taena.
ଭାଇ ବିଦ୍ୟାଳୟକୁ ଯିବ ।	Dada monḍo teḱsenoḱa.
ଭଉଣୀ ପାଣି ଦିଅ ।	Dai daḱ emańme.
ଚିନି ମିଠା ।	Nogoḱt́siṅrasi nogot́a.
ଅରଟର ସୂତା ।	Renṭa  reaḱ sutam.
ପଗଡ଼ି ପିନ୍ଧ ।	Benṭan me.
ନଟୁ ଖେଳ ।	Sekor inuṅ.
ନଳର ପାଣି ।	Ṭongaḱ  reaḱ daḱ.
ବେଲୁନରେ ପବନ ଅଛି ।	Siipure hoyo menaḱa.
ଭଳିକି ଭଳି ଖେଳ ।	Kilimili inunko.
ପାକୁଆ ପାଟି ।	Daponga Aa/ lamuṅ Aa.
ଅଳପ ଗଳପ ।	Chokoć kahanī.
ଅରଖ ପତ୍ର ।	Palaṭi sakam.
ମକା ଗଛ ।	Ṭepoe gangai daru.
ତାଳ ଗଛ ଡ଼େଙ୍ଗା ।	Taaṛ daru salangia.
ଶୀତ ଦିନେ ରସୁଣ ଖାଇଲେ ବାତ ଭଲ ହୁଏ ।	Rabaṅ dinore rasuĩ jomere ba-to bugina.
ଛତୁ ତରକାରୀ ।	Ut́ utu.
ଶୀତ ଦିନେ ବନ୍ଧାକୋବି ଚାଷ କରନ୍ତି ।	Rabaṅ dinore poṛom kōbi ko chasya.
ପାଣି ଉଷୁମ୍ କରି ପିଇବା ।	Paṇi urgum keete nuũiabuା.
ରାତିରେ ସପନ ଦେଖ ।	Nide kumui pe.
ଆଦିବାସୀ ମାନେ ଖଟ ତିଆରି କରନ୍ତି ।	Adibasīko parokomko baia.
ଆକାଶର ତାରା ।	Sirma ren ipilko.
ଉଇ ହୁଙ୍କା ତିଆରି କରୁଛି ।	Nidir bonumeeć bai  tana.
ବାଙ୍କା ବୁଢ଼ା ପଇତା ପିନ୍ଧିଛି ।	Banka buṛe poet akana.
କାଇ ଗଛରେ ରହେ ।	Hau darureeć taena.
ପିଲାମାନେ ନଖ କାଟ ।	Honoko sar sar geḍen pe.
ହାତୀର ଶୁଣ୍ଢ ।	Hatī soonḍo.
କୁକୁର ଲାଙ୍ଗୁଡ଼ ବଙ୍କା ।	Seta chaṛ chom bankaḱ.
ଦୀପାବଳୀରେ ଦିପ ଜାଳ ।	Sohoraere subiḱ julem.
କୁଣିଆଁଙ୍କୁ ସମ୍ମାନ କର ।	Kupul ko manatiṅ kope.
ଗାଡ଼ିରେ ବହୁତ ଭିଡ଼ ।	Gaṛire esuko ṭesaw akana.
ରାଜ୍ୟ ଭବନ ।	Raijo Oaḱ.
ଭାରତର ଜାତୀୟ ପତାକା ।	Bharoto  reaḱ disum ṭoyõl.
ଭାକୁର ମାଛ ଗଭୀର ପାଣିରେ ରୁହେ ।	Bakuṛu haku ikir daḱre taena.
କଲିକତାର ବୟନ ବସ୍ତ୍ର ।	Kōlokata  reaḱ kat́som lijeeḱ.
ରାତିରେ ଶୟନ କର ।	Nide gitiḱ pe.
ବାବୁ ତୁମେ କି ଜାତି ପିଲା ?	Babu am chikan jati Hon ?
ମୁଁ ହୋ ଜାତି ପିଲା ।	Ań Hoo jati tan hon.
ତୁମ ନିଜର ଭାଷା ଅଛି ?	Ape aḱ nijor hayam menaḱ ?
ହଁ, ଆମର ନିଜର ଭାଷା ଅଛି ।	Ega, alee nijor hayam menaḱa.
ତୁମର ଭାଷାକୁ କ’ଣ କହନ୍ତି ?	Apea hayam do chinaḱ ko metaḱ ?
ଆମର ଭାଷାର ୱାରାଂଚିତି ଲିପି ରେ ଲେଖା ହୋଇଛି ।	Alea hayam waranchiti lipite olakana.
ତୁମ ଭାଷା ବିଦ୍ୟାଳୟରେ ପଢ଼ା ହେଉଛି ?	Apea hayam moonḍore paṛaoḱ tana ?
ହଁ, କେତେକ ବିଦ୍ୟାଳୟରେ ପଢ଼ା ହେଉଛି ।	Hõ, chiminaṅ moonḍore ega, paṛao tana.
ତୁମେ ଓଡ଼ିଆ ପଢ଼ି ପାର କି ?	Am uṛiem paṛao daeaḱe ?
ହଁ, ମୁଁ ପଢ଼ି ପାରିବି ।	Ega ań paṛao daeaḱe.
ତୁମକୁ ଧନ୍ୟବାଦ ।	Am ke esu bitiem.
ସୂର୍ଯ୍ୟ ଉଦୟ ହେଉଛି ।	Singi turooṭo tana.
କାଉ ରାବେ କା... କା ।	Kaaḱ raaḱ e ka... Ka.
କୂଅର ବେଙ୍ଗ ।	Suut́ ren choke/ roṭe.
ଗୋଡ଼ି ରାସ୍ତା ।	Ruguṛo hora/ soṛopo.
ମାଠିଆର ପାଣି ।	Tumiṅ daḱ.
ପାଣି ପିଇବ ଛାଣି ।	Itiṅ keete nuupe daḱa.
ଆକାଶରେ ମେଘ ନାହିଁ ।	Sirmare gamae rimil banoaḱ.
ପୂର୍ବରେ ସୂର୍ଯ୍ୟ ଉଦୟ ହୁଏ ।	Turosaḱre singi turoaḱ.
ଚଢ଼େଇ ଉଡ଼େ ।	Chẽṇe api renaḱ.
ଆମ ଘର ।	Ale usem.
କୂଅରୁ ବାଲଟି ଆଣ ।	Suuṛe tebalṭi aguême୍.
ଗାଈ ଚରୁଛି ।	Gunḍi atiṅ tana.
ବଳଦରେ ହଳ କର ।	Haṛa kote siyuḱpe.
ଘର ସଫେଇ କର ।	Oaḱ jooḱe pe.
କଦଳୀ ଗଛ ହଲୁଛି ।	Kadal daru ruku uḱ tana.
ରେଳଗାଡ଼ି ଲମ୍ବା ।	Linḍu gaṛi jiliṅa.
ସାଇକେଲ ଚଢ଼ ।	Berber gaṛi chalao epe.
ଟ୍ରକ ଗାଡ଼ିରେ ମାଲ ଆଣ ।	Daṛaka gaṛite mal aguêpe.
ଆଜିକାଲି ଟେମ୍ପୁଗାଡ଼ି ବହୁତ ।	Naḱ gapa uṭuṭuru gaṛi lalia.
ହେଲି କପଟର୍ରେ ଚାଉଳ ଆସିଲା ।	Berbenḍoṅ gaṛite Chauli hućoḱ yana.
ପାରଦ୍ୱୀପରେ ଜାହାଜ ଲାଗେ ।	Parodwīpore boyãl gaṛi ṛombol akanaḱa.
ଏରୋପ୍ଲେନ୍ ଆସିଲା ।	Apir gaṛi huju yana.
ରଜରେ ଦୋଳି ଖେଳିବା ।	Rojore ḍilueṅ inuṅebu.
ବ୍ୟାଟ୍ ଆଣ ।	Gōṛau aguêpe.
ବଲ୍ ଖେଳ ।	Ḍui inuṅ pe.
ନଳକୂଅ ପାଣି ବିଶୁଦ୍ଧ ।	Ṭongaḱ suut́ daḱ sapaaḱ.
ଆକାଶ ଶବ୍ଦ ହେଉଛି ।	Rimil saṛi tana.
ଘର ଚଟିଆ ରାବୁଛି ।	Ṛeṛem oy raḱ tana.
କୁକୁର ଲାଙ୍ଗୁଡ଼ ବଙ୍କା ।	Seta chaelom kum chaṅ.
ଗଉଡ଼ କ୍ଷୀର ନେଉଛି ।	Gau toa iṛe tana.
ଶୁଆ କଥା କହେ ।	Kereaṛoko kajie.
ଆମ୍ବ ଗଛରେ କୋଇଲି ।	Uli darure tuau.
ପଚୋ ରାତିରେ ବୁଲେ ।	Kokor nideko honora.
ଶାଗୁଣା ବସିଛି ।	Didi dube kene.
ବଣି ଚଢ଼େଇ ପଡ଼ିଆରେ ଅଛି ।	Rami oe paṛie remenaḱre.
ପାରା ଚିଠି ଧରିଛି ।	Du dudulum chiṭhi/ nikul sakam meeć saba kaṛa.
ଫୁଲ ବଗି ଚା ।	Bah bakai.
ଗଛ କାଟିଦେବା ।	Darubu maḱaêa.
ଅଫିସରେ ବସିବା ।	Gari rebu dube.
ବୁଢ଼ା ମାଙ୍କଡ଼ ।	Buṛe saraḱ.
ବ୍ଲେଡ୍ରେ ନଖ କାଟ ।	Etaṅ holat́te sar sar geḍen pe.
ବାବୁ ସିଲଟ ଆଣ ।	Boyo silaṭi oguime.
ଦ୍ୱିପହର ଖରା ।	Tikin singi jeṭe.
ବଇଦ ବୁଢ଼ା ।	Rereeṛiḱ buṛe.
ବୋବେଇ ଦୌଡ଼ି ଖଟ ।	Baṛchom bayar parkom.
ଭାବିଲା ପରେ ଆସିଲା ।	Uṛuḱ ket́ teć hućoḱ lena.
ଗଧିଆ ଛେଳିକୁ ନେଲା ।	Haṛagar meromeḱgoḱkiḱe.
ସିଂଙ୍ଗିଡ଼ା ବଜାରର ସିଙ୍ଗିଡ଼ା ।	Siṅngiṛa haṭo  reaḱ diriṅ lat́.
ଆଳୁଚପରେ ଆଳୁ ମିଶାଅ ।	Alusiput́ lat́re aluko misaêa.
ଖରାପ କଥା କହନା ।	Et́ka kaji alom kaajia.
ପିଲାଏ ଝାଡ଼ା ଗଲେ ।	Honko i iḱ teko senoḱ yana.
ଖରାଦିନ ଟାଣ ଖରା ।	Jeṭe din esu jeṭêa.
ବର୍ଷା ନାହିଁ ।	Gama banoḱa.
ବିଲୁଆ ବଡ଼ ଚତୁର ।	Tuyu esui chalakie.
କାଠହଣା ଗୋଟିଏ ଚଢ଼େଇ ।	Ereoy miat́ oy.
କଇଁଛ ପାଣିରେ ରହେ ।	Hor daḱre taena.
ଚିଙ୍ଗୁଡ଼ି ମାଛ ଡ଼େଇଁଲା ।	Icheḱe haku pitiṛiana.
ବାଦ୍ୟ ବାଜିଲା ।	Ṛengera saṛiana.
ସାପ ଗାତରେ ରହେ ।	Binjo unḍureć taena.
ସାର୍ ନମସ୍କାର ।	Gosań joar.
ସୀମା ଖୁଣ୍ଟ ।	Sīmel khunṭo.
ହାତୀ ବଡ଼ ଦନ୍ତା ।	Hatī esu maraṅ daṭaniḱ.
ମେଣ୍ଢା ପଲରେ ବାଘ ଅଛି ।	Minḍigooṭore kule menaie.
ନଈ ପାଣି ନଈ କି ଯାଏ ।	Loor daḱ loor te senoḱa.
ହାତୀର ଶୁଣ୍ଢ ।	Hatīyeḱe sõnḍo.
ଏଣ୍ଡୁଅ ବାଟ କଡ଼ରେ ଅଛି ।	Donḍa hora kuṭire menaĩe.
ପୋଖରୀ ପାଣିରେ ଗାଧୋଇଲେ କାଛୁ କୁଣ୍ଡିଆ ହୁଏ ।	Pukuri daḱare oṛanre kaasaraḱa.
ଷଣ୍ଢ ବିଲରେ ଅଛି ।	Senḍo kunḍire menai aḱ.
କୂଅରେ ତେଣ୍ଡା ଲାଗିଛି ।	Kuẽre daḱ ḍinkul menaḱa.
ମଣ୍ଡା ସାବୁନ ।	Ṛelka sabon.
ପାଚିଲା ଅମୃତଭଣ୍ଡା ।	Mata bindi.
କୁକୁଡ଼ା ଅଣ୍ଡା ।	Sim jarom.
ନାତି ନାତୁଣୀଙ୍କ ହସ ଖୁସି କଥା ।	Jai koṛakoṛi koloḱ landa rãsa jagar.
ହାଟରୁ ଜିନିଷପତ୍ର ଆଣ ।	Ha’ṭoete giniso aguême.
ପାଟିତୁଣ୍ଡ କରନାହିଁ ।	Alope kakalaêa.
ଜେଜେଙ୍କ ହସ ।	Tataṅṅaḱ landa.
ବାନ୍ତିହେଲେ ଲେମ୍ବୁ ଖାଅ ।	Uleōḱ re lembu jomepe.
ପେଟ ପାଇଁ କାମ ।	Láć naṅ paiṭi.
ଗରିବ ଲୋକ ଭୋକ ଉପାସରେ ରହିଲେ ।	Rengeṅe hoko reṅngee rekoa.
କାମ କରି ହାଲିଆ ହେଲି ।	Paiṭi te laga yanań.
ଜ୍ୱର ହୋଇ ଦୁର୍ବଳ ଲାଗୁଛି ।	Hasuyante ka peeḱnjo tihir tihirenjo adae tana.
ଏ ମାଟିର ଧୂଳି ପବନ ।	Nen Hasa reaḱ ḍulit́ hoyo.
ପିପିଲି ଚାନ୍ଦୁଆ ।	Pipili  reaḱ turpu.
ସୁନ୍ଦର ବଣ ।	Sugando bir.
ଆଜିକାଲି ନଈ ବାନ୍ଧିଲେ ।	Tisiṅ gapa esu bandako tol ket́a.
ବନ୍ଧୁକରେ ଗୁଳି ଅଛି ।	Bundhukre guli menaḱa.
ଚନ୍ଦନ ଗଛ ବହୁତ ମୂଲ୍ୟବାନ ।	Chondondaru esu gonoṅa.
କଦଳୀ କାନ୍ଦି ହୋଇଛି ।	Kadal kandie kene.
ଗାମ୍ଭାରୀ ଗଛର ଫଳ ।	Kasmar daru  reaḱ joo.
ସପେଟା ଗଛ ।	Hatu burui daru.
ଚମ୍ପା ଫୁଲ ।	Chompa baa.
ଆମ୍ବ ଗଛରେ ବଗ ବସିଛି ।	Uli darure koḱo dubekene.
ପଣସ ଭେଟି ।	Poṇoso denga.
ବହି ପଢ଼ ।	Puti paṛaōme.
ପୋଷାକ ପିନ୍ଧ ।	Horoḱn me.
ଧନୀ ଧନ ଦିଏ ।	Munḍe bitiḱ emêa.
ଗରିବ ରଥ ।	Rengeć sagaṛi.
ଔଷଧ ଦୋକାନ ।	Reet́ Oaḱ.
ଷ୍ଟୁଲ୍ରେ ବସ ।	Ṭungi ganḍure dubpe.
କମ୍ପାସ ଖୋଜ ।	Sanḍaṕ sui namepe.
ସିମ୍ପାଞ୍ଜିଗୁଡ଼ିକୁ ଦେଖ ।	Buru hooko nelkope.
ଖଣ୍ଡଗିରି ଗୁମ୍ଫା ।	Khonḍogiri diri unḍu/ gongor.
ଧନ ସଂପତ୍ତି ରଖ ।	Donbiti rikae pe.
ଖମ୍ବ ଉପରେ ଘର ।	Kunṭuchetanre Oaḱ.
କୃଷ୍ଣଙ୍କ ନାମ କଦମ୍ବ କେଶରୀ ।	Kirsonaḱ numu kodom kesarī.
ନିମ୍ବ ତେଲରେ ଚୁଟିକଳା ହୁଏ ।	Lim sunumte bale guru njoḱa.
ସୂଚୀ ଚୁମ୍ବକରେ ଦିଗନିର୍ଣ୍ଣୟ କର ।	Sūje rapa chaḱte saḱ ingulepe.
ପୋଷ୍ଟ ଅଫିସରେ ଚିଠି ପଠାଅ ।	Ṛaako aḱre nikul kule pe.
ଏଇଟା ମୋବାଇଲ୍ ଯୁଗ ।	Bena chiput́kul juugu.
ସମୟ ଦେଖ ।	Uṛi nele pe.
ପ୍ରାର୍ଥନା କର ।	Goariê pe.
ହାଟ ଯାଅ ।	Haṭ senoḱ me.
ସପ୍ତାହକୁ ସାତ ଦିନ ।	Haptare aima.
ଦୋକାନ କର ।	Apasie pe.
ପିମ୍ପୁଡ଼ି କଣାରେ ଅଛି ।	Muiḱko unḍu rekoa.
ଆଖୁ ବାଡ଼ିରେ ଅଛି ।	Bakaire nogoṛ siṅ menaḱa.
ଘାସ ବାଛି ଦିଅ ।	Dumbu salataam.
ପଣସ ଚାରା ଦିଅ ।	Poṇoso paṛa emanje me.
ପାତି ମାଙ୍କଡ଼ ଧାନ ଖାଇଲେ ।	Gai ko baba jomket́a.
କୋବି କିଆରୀରେ ପାଣି ଦିଅ ।	Poṛom kōbi bakaire daḱ dultam.
ଷଣ୍ଢ ଲଢ଼େଇ କଲେ ।	Senḍhoko ropoo tana.
ଦେଶର ସମ୍ପତ୍ତି ।	Disum rea biti.
ଆମ ଗାଁ କାନ୍ କୁମୁରା ।	Ale hatu kan kumura.
ଶସ୍ୟ କ୍ଷେତ୍ରରେ ଧାନ ପାଚିଲା ।	Beṛa baidire baba mata yana.
ଝରଣା କୁଳୁକୁଳୁ ବୋହି ଯାଉଛି ।	Jarona goṛogoṛo haṛi tana.
ଧାନ ଆମର ପ୍ରଧାନ ଶସ୍ୟ ।	Baba abue muũṛu kirsi.
ଗହମରୁ ଅଟା ହୁଏ ।	Gohome te oṭa lupuua.
ମୁଗ ବିଲରେ ଭଲ ହୁଏ ।	Mugi kunḍire bugin hobaaḱ.
ବିରି ଖାଉ ।	Reṭeć ramba jomepe.
ଚିନାବାଦାମ୍ ଭଜା ।	Badam ata.
ସାବୁନ୍ କିଣ ବିକ୍ରି ଅଛି ।	Sabon kiriṅngepe akariṅ tana.
କାଠ ଆଣ ।	Sahn aguêm.
ଖଟ ଓଡ଼ଷ ।	Parkom maji.
ଚୌକି ଭାଙ୍ଗିଲା ।	Tenḍer machila raput́ yana.
ଟେବୁଲ୍ ଦେଖ ।	Aṭangi paṭa/ ṭungipaṭa nele pe.
କବାଟ ଠେଲ ।	Silpiṅ, udurta pe.
ମିସ୍ତ୍ରୀ କାମ ।	Mistiri paiṭi.
ଖାଇବା ଉଚିତ୍ ।	Jome goroja.
ପର୍ବପର୍ବାଣିରେ ଆସ ।	Poroṕ ponaĩre hućoḱ pe.
ଲୁଗା ଇସ୍ତ୍ରୀ ।	Lijaḱ iskir.
ତୁମ ପାରିଶ୍ରମିକ ।	Amaḱ nala.
କଟୁରି ଧର ।	Bankie sabem.
ପନ୍କି ଆଣ ।	Katu aguêm.
କୋଦାଳ ଧର ।	Kut́lam sabem.
ଗୌଡ଼ ଦୌଡ଼ ।	Gau nir.
ବାରିକ କ୍ଷୁର ।	Baranḍi holat́.
କୁହୁଡ଼ିଆ ରାସ୍ତା ।	Pukat́ hora.
ମର୍ଦଳ ବାଦନ କର ।	Dumaṅ ru ime.
ପାଣି ଧଣ୍ଡର ଗାତ ।	Daḱ dunḍu Bińyeć unḍu.
ବଂଶୀ ବଜାଅ ।	Rutu oroṅngem.
କଙ୍କଡ଼ା ବିଛା ।	Kaakom mar mar.
ଢୋଲ୍କି ବଜାଓ ।	Ḍulki rui pe.
ଡୁବି ତବଲା ବଜାଅ ।	Ḍibe dama rui pe.
ଆଖଡ଼ା କଡ ।	Akaṛa kuṭi.
ବାହାଘର ଯା’ଅ ।	Andi taḱ senoḱm.
ଶହେ ଘର ପରିବାର ।	Mit́ so’ Oaḱ guṭi.
କାହିଁକି କାନ୍ଦୁଛ ?	Chenaḱ menem raḱ tana ?
କ’ଣ କହୁଛ?	Chenaḱm kaji tana ?
ଶୀଘ୍ର ଆସ ।	Anja ge hućoḱ me.
ଖରାଦିନ ବଡ଼ ହୁଏ ।	Jeṭe singi maranga.
ସୂର୍ଯେ୍ୟାଦୟ ।	Singi turoḱ.
ସୂର୍ଯ୍ୟାସ୍ତ ।	Singi hasur.
ଝାଉଁଳା ରୋଗ ।	Goso hasit́ roga.
ଶୁଖିଲା କାଠ ।	Roo Sahn.
ସପୁରୀ ରସ ।	Ote poṇoso rasi.
ଜାମୁକୋଳି ନିଅ ।	Kude idi’me.
ତତେ ମୋ ରାଣ ।	Aben ke anjaḱ bat́.
କେମିତି ଅଛ ?	Chilika menaḱma.
ମଲ୍ଲୀଫୁଲର ବାସ ।	Aṭal Bah  reaḱ soan.
କାଗଜ ଡ଼ଙ୍ଗା ଭସାଅ ।	Kagajo ṛonga boyãle pe.
ମରୁଡ଼ି କ୍ଷେତ ।	Akal baidi.
ପତ୍ର କଅଁଳେ ।	Turtuć sakam.
ଭେଣ୍ଡି ଲାଳୁଆ ।	Menḍa singe boora.
ଜହ୍ନି ଫୁଲ ଠୋ ଠା ।	Juni Bah ṭhō ṭha.
ସାରୁ ପତ୍ରରେ ପାଣି ଲାଗେ ନାହିଁ ।	Saru sakamre daḱka laṭana.
କାଙ୍କଡ଼ ମାଙ୍କଡ଼ ଖାଏ ।	Ochen saraḱ jomia.
ଛୁଚୁନ୍ଦ୍ରା ଗୋଟିଏ ମୂଷା ଅଟେ ।	Chundi miat́ kaṭea tanaḱ.
ସପ୍ତଫେଣୀର ବହୁତ କଣ୍ଟା ।	Lutur buḱjanum esu janumana.
ଚାରି ଦିଗ ଘାସ ଅଛି ।	Soben paa dumbu menaḱa.
ଗୋବର ଖତ ।	Guriiḱ bodar.
ଉର୍ବର ମାଟି ।	Bodar Hasa.
ତେନ୍ତୁଳି ଗଛ ।	Jojo daru.
ସୋରିଷ ତେଲ ।	Mani sunum/ tuṛi sunum.
କଖାରୁ ସିଝା ।	Kakaru tiki.
ଜମ୍ପୁ ଢ଼ିପ ?	Jampuū ḍipe.
କପା ଗଛ ।	Kat́som daru.
ରାଶି ତେଲ ।	Ram tie sunum.
ଘୋଡ଼ା ଗାଡ଼ି ।	Sadom gaṛi.
ଠାକୁରାଣୀ ଶାଳ ।	Bonga sãṛe.
ପୂର୍ବପୁରୁଷମାନଙ୍କ କଥା ।	Hapaṛam koāḱ kaji.
ଆମେ ସ୍ୱାଧୀନ ହେଲୁ ।	Abu damu liana.
ସ୍ୱାଧୀନ ଭାରତ ।	Damulan baroto.
ଧଳା ହାତୀ ।	Punḍi hatī.
ସବୁଜ ବନ ।	Gadet́ bir.
ମୋର ମାଆ ।	Engań.
ମୋର ଭାଇ ।	Bauń.
ଗୀତ ବୋଲ ।	Dureṅêm.
ରାସ୍ତାର ଧୂଳି ।	Haṭia ḍulit́.
ଗାଈର ମୁଣ୍ଡ ।	Urić Bohḱ.
ଆକାଶ ରାଇଜ ।	Sirma raijo.
ଆକାଶର ଚାନ୍ଦ ।	Sirmaren Chanḍuḱ.
ଶୁଭ ସଂକେତ ।	Sagun chin.
ଅଜଗର ସାପ ବଡ଼ ।	Tunil biń maraṅa.
ଚଢ଼େଇ ଆକାଶରେ ଉଡୁଛି ।	Chẽ sirmare apir akana.
ଠେକୁଆ ଶୋଇଛି ।	Kulee japiḍi yana.
କଇଁଛ ଚାଲୁଛି ।	Hor senoḱ tana.
ଦୌଉଡ଼ରେ ପିଲେ ।	Honko nirope.
ଖେଳ ପ୍ରତିଯୋଗିତା ।	Inuṅ haparao.
ଦିନକର କଥା ।	Musiṅ dineeć kaji.
ପୁଅ ଝିଅ ପାଠରେ ସମାନ ।	Paṛaore koakuihon soman.
ପଞ୍ଚାୟତରେ ସଭା ହେଲା ।	Ponchayoti reko dunuṕ lena.
ମଉସା ଆସନ୍ତୁ ।	Kaka hujuben‌.
ଆଖପାଖ ଗାଁ ।	En japaḱ hatu.
ଗାଁରେ ମନ୍ଦିର ଅଛି ।	Hature monḍoko menaḱa.
ମଶାକାମୁଡ଼ିଲେ ମେଲେରିଆ ହୁଏ ।	Sikiĩ hueḱre uruyu hobana.
ବର୍ଷା ଦିନେ ଝାଡ଼ା ରୋଗ ବ୍ୟାପେ ।	Gama din jaṛa bemar nitiroaḱ.
ବିଲ କର୍ଷଣ କର ।	Ote sī’ pe.
ବୁଦ୍ଧି ଥିଲେ ଉପାୟ ଆସେ ।	Buddhi redo boor menaḱa.
ଘର ପାଖରେ ଡାକଘର ଅଛି ।	Oaḱ japaḱtaḱre ṛaako Oaḱ menaḱa.
ଔଷଧ ଖାଇଲେ ଜ୍ୱର ଭଲ ହେବ ।	Reet́ jomere hasu bugina.
ଆସନ୍ତା ମାସରେ ଔଷଧ ସିଞ୍ଚିବା ।	Hujuḱu tan ChanḍuḱreReht́ choeḱyoḱa.
ପାଣି ଫୁଟାଇ ପିଅ ।	Daḱ boṛokao ket́ nũipe.
କଞ୍ଚା ଆମ୍ବ ଆଣ ।	Berel Uli aguêm.
ଆଳୁ, ବାଇଗଣ, ଭେଣ୍ଡି, ପୋଟଳ ଭଲ ପରିବା ।	Alu, bengaḱ, menḍa singi poṭoṛo bugin utu jaṛagam.
ପାଣି ପିଇବା ଛାଣି ।	Itiṅ leete daaḱbu nũ uia.
ଐରାବତରେ ଇନ୍ଦ୍ର ଦେବତା ।	Bonga hatīre kol bonga.
ଏଇଟା ଅଁଳା କୋଳି ।	Neḱena merel jō.
ଅଁଳା ଏକ ବଣର ଫଳ ।	Merel do bir reaḱ jō.
ଭଇଁଚ କୋଳି ଖାଅ ।	Meleḱe୍ jō jomem.
ଫୁଲ ଉପରେ ଭଅଁର ବସିଛି ।	Ba chetanre uruḱ dubakana.
ମୁହଁ ଧୋଅ ।	A’ aben me.
ସୈନିକ ହୁଅ ।	Repeṛeḱenpe.
ନିଆଁ ସହିତ ଖେଳ ନାହିଁ ।	Sengel lōwoḱ alom inuṅṅa.
ଗଧିଆ ତଣ୍ଟିରେ ଲାଗିଛି କଣ୍ଟା ।	Uṭṭoaḱre haṛa gar diḱy akana.
ଡେଲେ ଓ ଦାପଙ୍ଗା ଉପାସ୍ରେ ଫେରିଲେ ।	Ḍele onḍoḱ daponga bapui rengeć te kiṅ ruwe yana.
ବୁଢ଼ାଟି ଅଣ୍ଟା ସଳଖି ପାରୁନି ।	Haam Hoo mayaṅ kae senger dai tana.
ବଗ ମାଛ ଧରୁଛି ।	Koḱo hakuć sab tana.
ଦେୱାଁତୁରି ହେଉଛନ୍ତି ପ୍ରଥମ ବଇଦ ।	Dewã turige maaṅ reeḍiḱ.
କଳସୀରେ ହାତ ପୂରାଇ ଦେଖ ।	Tumiṅre tii (suḱu) ader lekam.
କଣ୍ଠ ସଫା କରି ଗୀତ ଗାଅ ।	Rilaṅ sapa kee yate duraṅṅem.
ଦେଖ ବାଉଁଶରେ ତିଆରି ପାଛିଆ ।	Nelem mat́te baiakan kanchi.
ବାଉଁଶ ଗଣ୍ଠି ।	Mat́ uṭi.
ମୋର ବାପା ମା ଭଲ ।	Anjaḱ enga apu kin‌ bugina.
ଏ ବର୍ଷ ବର୍ଷାର ବହୁତ ଅଭାବ ।	Nen sirma/ bochor gama esu ringe.
ଝଡ଼ରେ ଘର ଭାଙ୍ଗିଲା ।	Hoyogamare Oaḱ rapuṛiana.
ରାତିରେ ଡରିଲା ।	Nide bor ket́a.
ବଇଦ ଔଷଧ ଆଣ ।	Dewã taḱ senketeReht́ aguêm.
ଆଜି ମୋର ଜନ୍ମ ଦିନ ।	Tisiṅ anjaḱ jonom ulaṅ.
ବଡି ଭୋରରୁ ଉଠ ।	Setaḱ utarore uṭenme.
ସକାଳ ସ୍ନାନ ଭଲ ।	Setaḱ oṛan bugina.
ଠାକୁରଙ୍କୁ ପ୍ରଣାମ କର ।	Bonga joaraim.
ପୂଜା ପାଇଁ ପଦ୍ମ ଫୁଲ ଆଣ ।	Bonga lagiṛ  tat́a.e ba aguêm.
ପୂଜା ଶେଷରେ ପ୍ରସାଦ ବଣ୍ଟା ହେଲା ।	Bonga chanabre pasit́ haṭiṅ yana.
ଫସଲ କ୍ଷତି ହେଲା ।	Kirsi kiti yana.
ଖୁସିରେ ଗଛ ଲଗାଅ ।	Rãsate daru ruaem.
ମୂଷିକ ରାଜା ଉଭା ହେଲା ।	Kaṭea raja tingu yana.
ମୂଷିକ ରାଜା ଆସିଲା ।	Kaṭea raja hućoḱ yana.
ଧୂପଦୀପ ଜାଳି ପୂଜା କର ।	Duupu subii julkate bongayo pe.
ଭେରୀ ତୂରୀ ବାଜି ଉଠିଲା ।	Pere pete saṛii yana.
ମନମଉଜରେ ଭୋଜି ଖାଇବା ।	Landa argae tebu jomnũya.
ସରାଗେ ବସିଲେ ଖାଇବା ପାଇଁ ।	Rã sate ko dub yana jom lagit́.
ଭାଗ ବଣ୍ଟାରେ ଊଣା ଅଧିକ କରନାହିଁ ।	Haṭiṅ hapaṭiṅre alope laaḱ duuḱêa.
ଚୁଲିରେ ନିଆଁ ଲଗାଇବ ।	Iṭulat́re sengel tumbuḍem.
ୱାସିମ୍ର ମା ତାୱାରେ ଆମ୍ଲେଟ୍ କଲେ ।	Wasimାḱ engate lapeṭare jarom charpAć baikeḍa.
ଚାଲ ହାୱାରେ ବୁଲିବା ।	Dola hoyorelaṅ honora.
ଆସ ଭାଇ ପଡ଼ିଆରେ ଖେଳିବା ।	Ela hagań goṛare laṅ inuṅ nga.
କ୍ରିକେଟ ଖେଳ ଦେଖ ।	Guugu goṛau inuṅ nelem.
ଆସ ବ୍ୟାଟ ଧରି କ୍ରିକେଟ ଖେଳିବା ।	Ela gōṛaute guugubu inuṅṅa.
ଦେଖ ୱିକେଟ୍ ଉଡି ଗଲା ।	Nelem joṛela kile cholaṅ yana.
ପାଣିକୁ ବଲ ଫିଙ୍ଗିଲା ।	Daaḱ୍te ḍuć terkeḍa.
ତୂରୀ ପେଁଏ ପେଏଁ ବାଜୁଛି ।	Perepete peṇe peṇe tan saṛi tana.
ମୂଳା ମାଟିରେ ଫଳେ ।	Mule ote re dakaoḱa.
ପିଲାଙ୍କ ପେଟରେ କୃମି ଅଛି ।	Honokooḱ laiḱre bacharako menaḱ koāḱ.
କାକୁଡ଼ି ତରକାରୀ କରନ୍ତି ।	Tayar ko utuya.
ଅଁଳା ଜଙ୍ଗଲରେ ମିଳେ ।	Merel jongolre/burure nam aḱ.
ହାଣ୍ଡିଆ ପିଇଲେ କାମଳ ରୋଗ ଭଲ ହେବେ ।	Ḍiã nuũre joḍis rōga bugina.
ଖଡିକାରେ ଖଲି ଟିପ ।	Chariiḱ te chiṭiki suuiḱpe.
ବାଙ୍କା ବାବୁର ହସ ।	Banka babue landa.
କଥା ଶୁଣ ।	Kaji ayu mem.
ଛାଗଳ ଚରୁଛି ।	Merom atiṅ tana.
ବେଲଗଛରୁ ବେଲ ପଡିଲା ।	Bel daruite bel iyuḱ yana.
ଗଛରୁ ବେଲ ପଡ଼ି ଜୋର୍ରେ ଠୋ କରି ଶବ୍ଦ ହେଲା ।	Daruite bel keṛeḱte iyu yanate ṭhō ken saṛiana.
‘ଠୋ’ କରି ଶବ୍ଦ ଶୁଭିଲା ।	‘ṭhō’ ken saṛi ayum yana.
ଭଲ ବାଟରେ ଚାଲ ।	Bugin horate senepe.
ଶୃଗାଳ ଏକ ମୁହାଁ ହୋଇ ଦୌଡ଼ିଲା ।	Bunḍe tuyu mit́muliteć nirmuliana.
ଆଗ ପଛ ହୋଇ ଦୁହେଁ ଦୌଡ଼ିଲେ ।	Ayar chanaṕ yante bar jaket́kin nirkeḍa.
ବାଟରେ ଠେକୁଆ ପ ଚାରିଲେ ।	Horare kulee kulikiḱêa.
ତମେ କ’ଣ ପ ଚାରୁଛ ?	Am chenaḱm kuli tana ?
ପଳାଅ ପଳାଅ ପୃଥିବୀ ଫାଟି ଗଲା ।	Nirpe nirpe ote (bogaḱ) ṭulkaw yana.
ହାଣ୍ଡି ଫାଟିଗଲା ।	Chaṭu ṭulokaw yana.
ଆଗ ପଛ ହୋଇ ଦୌଡ଼ିଲେ ।	Ayar chanabko niri୍ yana.
ଶୃଗାଳକୁ ଦେଖ ।	Tuyu nelii pe.
ସିଂହ ବଣରେ ରହେ ।	Joṭokula birreć taena.
ପାଚିଲା ବେଲ ପଡ଼ିଛି ।	Mata bel iyuḱ akana.
ବେଲ ପଡ଼ି ଦୁଇ ଫାଳ ହୋଇଛି ।	Bel iyuyante bar‌ chaṭaḱ yana.
ଆମେ ପଶୁ ପାଳନ କରୁ ।	Abu o’r kobu asul koa.
କୃଷକ କ୍ଷେତ୍ରେ କାମ କରୁଛି ।	Pankira piireć paiṭi tana.
ହନୁମାଙ୍କଡ଼ର ମୁହଁ କଳା ।	Saraḱ mochoṅ hene୍doya.
ହାତୀ ଓ ହନୁ ଭାରି ସାଙ୍ଗ ।	Hatī ar saraḱ esu kin juṛina.
ନଦୀ କୂଳରେ କଦଳୀ ଗଛ ।	Gaṛa kuṭire kadal daru.
ଶବ୍ଦ ଶୁଣି ହାତୀ ଗଲା ।	Saṛi ayum te hatī atomiana.
କଦଳୀ ପାଚିଲେ ହଳଦିଆ ।	Kadal mata sasaṅṅa.
ବଗି ଚାରେ ଫୁଲ ଅଛି ।	Baganre ba’ menaḱa.
ମୁଁ ଚମକି ପଡିଲି ।	Ań beṭeṅ yana.
ହାତୀ କଦଳୀ ଶୁଙ୍ଘିଲା ।	Hatī kadal leć soankeḍa.
ହଳଦିଆ ରଙ୍ଗର କଦଳୀ ।	Kadal mata sasaṅṅa.
କଦଳୀ କେଡେ ବଢ଼ିଆ ବାସୁଛି ।	Kadal chimin baṇia soan tana.
ହନୁର ଜଙ୍ଘିଆ ନାଲି ଅଟେ ।	Saraḱa୍ jangia araḱa gêa.
କଦଳୀ ଦୁଇଟା ଆଣ ।	Kadal barea aguême.
ବେଙ୍ଗ ହନୁର କଥା ଶୁଣିଲା ।	Choke saraḱa kaji୍ḱ ayum ket́a.
ବେଙ୍ଗ ରାଗି ଲାଲ୍ ହୋଇଗଲା ।	Choke kurkuroteć araḱ rena’ yana.
ବେଙ୍ଗର ଜଙ୍ଘ ନାଲିଆ ।	Chokeaḱa bulu araḱa୍.
ବେଙ୍ଗ ହନୁର ଜଙ୍ଘିଆ ଟାଣି ଦେଲା ।	Choke saraḱa୍ jangia or ket́a.
ହାତୀ, ବେଙ୍ଗ ଓ ହନୁ ସମସ୍ତେ ସାଙ୍ଗ ହୋଇ ରହିଲେ ।	Hatī, choke enaete saraḱ saben juṛianteko taiana.
ଆମେ ମିଳିମିଶି କଦଳୀ ଖାଇବା ।	Abu jupuṛi yante kadalbu jomêa.
ଆମେ ସଭିଏଁ ଭାଇ ଭାଇ ।	Abu saben hagêa.
ଦୀପାଳିରେ ଦ୍ୱିପ ଜାଳ ।	Subiḱre suṛita julepe.
ହାତୀକୁ ତୀର ମାର ନାହିଁ ।	Hatī sarte alope tunjiie.
ପିଲାଏ ଛବି ଦେଖ ।	Honoko mongau nelepe.
ଗୀତ ଗାଇ ଗାଇ ଗଲା ।	Dureṅ durente senoḱ yana.
ସାଙ୍ଗସାଥୀ ହୋଇ ଖେଳ ।	Juṛi gatiante inuṅpe.
ଜିଭ ଦ୍ୱାରା ଆମେ ସ୍ୱାଦ ଜାଣୁ ।	Leeć te abu nogot́aḱbu adaêa.
କମଳା ଖଟା ମିଠା ।	Jambira moroć nogot́aḱ.
କରମଙ୍ଗା ଗୋଟିଏ ଫଳ ।	Moroeḱhatanaḱ miat́ joo.
ତେନ୍ତୁଳି ଭଲ ଆ ଚାର ।	Jojō bugin morojaḱ.
ଖଟା ପଖାଳ ପାଇଁ ଭଲ ।	Moroe tea daḱ manḍi lagit́ bugina.
କଲରା ପିତା ଅଟେ ।	Karla meera.
ଫୁଲ ପାଖୁଡ଼ା ।	Baha chakuweḱ.
ମାଙ୍କଡ଼ର ମୁହଁ ବଙ୍କା ।	Lorka a’ gai.
ଶଙ୍ଖୀ ବିଲେଇ ମାଙ୍କଡ଼ର ବଙ୍କା ମୁହଁ ଦେଖି ଫେଁ କିନା ହସିଦେଲା ।	Ḍum chaṅ bileo gaiaḱ lorka a’ nelte sẽ kenAć landa ket́a.
ବର୍ଷାଦିନରେ ନଈ ବଢ଼ି ହୁଏ ।	Jargidaḱ gaṛa baanoḱa.
ନଈ ବଢ଼ି ହୋଇଛି ।	Gaṛa baan akana.
ଡଙ୍ଗା ନଈ ପାଣିରେ ଚାଲେ ।	Ḍonga gaṛa daḱre senoḱa.
ନଈ ମଝିରେ ଏକ ଢ଼ିପ ଅଛି ।	Gaṛa talare miat́ dumchut́ menaḱa.
ନଈ ପାଣିରେ ହାଣ୍ଡି ଭାସୁଛି ।	Gaṛa daḱre chaṭu atu tana.
ବଗ ମାଛ ଧରୁଛି ।	Koḱo୍ hakuć sabtan.
ସେ ଏକଲା ଗଲା ।	Ać eskar ge senoḱ yana..
ଗାଡ଼ି ଯାଉଛି ।	Gaṛi senoḱo tana.
ରାମ କିଏ ?	Ram do okoć?
ନେଉଳ ମାଛ ଧରିଲା ।	Ginduru hakuḱ sabḱ kiḱe.
ଶେଉଳ ମାଛ ଖାଅ ।	Suli haku jomkom.
ନିଜ ଘରେ ରୁହ ।	Apana waare taen‌pe.
ଘର ଗୋଟିଏ ମନ୍ଦିର ।	Oaḱ miat́ monḍoko.
ଅନେକ ଦିନ ହେଲା ବର୍ଷା ନାହିଁ ।	Esu din gama banoḱa.
ନଈରେ ମାଛ ଥାଆନ୍ତି ।	Gaṛare haku taena.
ନାଳ ପାରି ହେବା ।	Loor paromabu.
ପୋଖରୀରେ କଇଁ ଅଛି ।	Pukurire saluket́ menaḱa.
ପୋଖରୀ ପାଣି ଶୁଖିଲା ।	Pukurī daḱ anjeṛ yana.
ଠେକୁଆର କାନ ବଡ଼ ।	Kulee lutur maraṅa.
କୋଇଲି ସ୍ୱର ମଧୁର ।	Tuau aṛaṅ baṇiaḱ.
କପୋତ ଚଢ଼େଇଟିଏ ।	Putam cheṇe tanaaḱ.
ବେଙ୍ଗ ଡେଇଁବ ।	Choke ujen.
ବେଙ୍ଗୁଲୀ କାନ୍ଦୁଛି ।	Enga choke raaḱ tan.
କପୋତି ଉଠ୍ ପୁତା ଉଠ୍ ବାହୁନୁଛି ।	Putam enga gumgumḱ raaḱ tana.
କୁକୁର ଲାଞ୍ଜ ବଙ୍କା ।	Seta chat́lom/ chat́chom banka.
ଓଧ ମାଛ ଖାଏ ।	Udam hakukoḱ joma.
କୋକିଶିଆଳି କୁକୁଡ଼ାମାନଙ୍କ ସହିତ ଖେଳେ ।	King kiṛituyu sim koloḱo inuṅa.
ପାଣି ନଥିବାରୁ କଲବଲ ହେବା ।	Daḱ banoḱo te jaroṕ jaroṕ tana.
ଶୀତ ଦିନେ ଓଠ ଫାଟେ ।	Rabaṅ din luṭi chaṭaōḱaḱ.
ଆମେ ପାଟିରେ ଖାଉଁ ।	A’ tebu jomêa.
ଆକାଶରେ ମେଘ ନାହିଁ ।	Sirma rimilre gama banoḱaḱ.
ମେଘର ବର୍ଷାପାଣି ଝରିଲା ।	Gamae rimil te gamadaḱ joro tana.
ଢୋଲ ବାଜେ ଡୁଲ୍ ଡୁଲ୍ ।	Ḍulki ḍul ḍul saṛiaḱ.
ଓଟ ମରୁଭୂମିରେ ଥାଏ ।	Ũuṭu gitil piṛireḱko taena.
ଆମେ ଗୋଡ଼ରେ ଚାଲୁ ।	Abu kaṭatebu senêa.
ନେଉଳ ମାଂସ ଖାଏ ।	Ginduru jīluḱ joma.
ଗୋଧି ମାଂସ ଖାଇଲେ ଅଣ୍ଟା ବ୍ୟଥା ଭଲ ହୁଏ ।	Torot́/toro jilu jomere mayaṅ hasu bugina.
ଗୁଣ୍ଡୁଚି ମୂଷା ଦେହରେ ତିନୋଟି ଗାର ।	Tuu doyare apie gaar.
ରୋଗ ବହୁତ ଖରାପ ।	Rogado esu karabaḱ.
ଭୋକ ହେଉଛି ।	Rengeće tana.
ବର୍ଷା ଦିନରେ ଛତା ଧର ।	Gama dinre chatom sabem.
ଜାମା ପିନ୍ଧ ।	Sutuin me.
ଗାଈ କ୍ଷୀର ଦିଏ ।	Gunḍi urii toaaḱ saṅngẽya.
ଫଗୁଣ ମାସରେ ଆମ୍ବ ଫଳେ ।	Hapal Chanḍuḱre Uli joaḱ.
୩୦ ଦିନରେ ଗୋଟିଏ ମାସ ।	Diõsi mare mi Chanḍuḱ.
ଭାରି ଖରା ହୁଏ ।	Esu jeṭêa.
ଖରା ଦିନରେ ଗରମ ପବନ ବହେ ।	Jeṭe singi lologeć hoyoya.
ଫଳ ଗୁଡ଼ିକ ଖାଇବା ପାଇଁ ଭଲ ଲାଗେ ।	Jooko jom laget́ bugina.
ବଣରେ ଠେକୁଆ ରହେ ।	Birre kulee taene.
ଶିକାରୀ ବଣରେ ବୁଲୁଛି ।	Sangariniḱ birre honor tana.
ଧନୁଶର ଧରି ବଣକୁ ଯାଉଛି ।	Sar aḱsar saboket́te bir honor senoḱo tana.
ଧନୁଶର ଧରିଛି ।	Sar aḱ sare sabakaḍa.
ବଣକୁ ପଶିଲା ।	Birte bolo yana.
ବୁଲି ବୁଲି ଯିବା ।	Honor honorte senoḱabu.
ସ୍କୁଲରୁ ଫେରି ଆସ ।	Monḍoe te biyur ruena.
ବହି ପାଇଲା ।	Putiḱnam ket́a.
ମୋ ଆଡ଼କୁ ଆସ ।	Anjo paa/ Ać paa hujuben.
ଉପରକୁ ଚାହିଁଲା ।	Met́ ket́a/ heta ket́aḱ.
ପଥରରେ ଫୋପାଡ଼ିଲା ।	Dirite ter ket́a/ humẽ ket́a
ମାଙ୍କଡ଼ ଫଳ ଖାଏ ।	Saraḱ jooḱ joma.
ଶହେ ପଇସାରେ ଏକଟଙ୍କା ।	Soho poisare mi ṭaka.
ବୁଢ଼ାଟି ପୁଡ଼ିଆ ଧରି ଗଲା ।	Ham Hoo poṛom sabote senoḱ yana.
ବଜାରରୁ ଲୁଗା ଆଣ ।	Bajar rete Lijaḱ aguême.
ଧାନୁଆ ଲଙ୍କା ଭାରି ରାଗ ।	Baba marchi esu ragoa/haaṛa.
ମାଙ୍କଡ଼ ଦୋକାନରୁ ଅଣ୍ଡା କିଣିଲା ।	Saraḱ dōkannete jarom meć kirinket́a.
ପଙ୍ଖା ଘୁରୁଛି ।	Kanapaḱ biyuroren tana.
ଏତିକି ବେଳେ ବିଲେଇ ଆସିଲା ।	En imitaṅ bilei hućoḱ yana.
ଶଙ୍ଖୀ ବିଲେଇର ରଙ୍ଗ ଧଳା ।	Punḍi bilei punḍie.
ଛପି ଛପି ପ୍ରଜାପତି ଧରିବା ।	Hapahapate pampal saṕ koabu.
ଶଙ୍ଖା ପିନ୍ଧିଛି ।	SankAć horoḱ tat́a..
ସବୁବେଳେ କାମ କର ।	Sobeimitaṅ paiṭime.
ବାଉଳାରେ ନାଲି ଲଙ୍କାଟି ଚୋବାଇ ଦେଲା ।	Erengate mata marchi tagoć ket́a.